from,to
30211169,8091231
30145940,8091231
29938003,8091231
29755873,8091231
29755871,8091231
29671401,8091231
29650789,8091231
29541174,8091231
29459887,8091231
29435039,8091231
29389935,8091231
29383094,8091231
29299148,8091231
29262523,8091231
29238749,8091231
29194591,8091231
29162161,8091231
29152499,8091231
29146938,8091231
28936272,8091231
28928839,8091231
28918466,8091231
28858227,8091231
28830573,8091231
28794804,8091231
28738860,8091231
28714471,8091231
28706734,8091231
28435519,8091231
28415857,8091231
28357044,8091231
28251929,8091231
28161399,8091231
28096247,8091231
28086974,8091231
28078281,8091231
27977206,8091231
27923995,8091231
27895806,8091231
27881737,8091231
27836010,8091231
27749552,8091231
27729585,8091231
27716388,8091231
27659521,8091231
27648713,8091231
27642590,8091231
27555886,8091231
27514841,8091231
27471560,8091231
27441238,8091231
27382453,8091231
27223485,8091231
27194814,8091231
27129401,8091231
26987529,8091231
26969729,8091231
26920070,8091231
26858951,8091231
26843898,8091231
26840090,8091231
26770289,8091231
26670335,8091231
26669862,8091231
26669452,8091231
26637267,8091231
26609213,8091231
26586665,8091231
26557407,8091231
26426992,8091231
26380221,8091231
26236408,8091231
26082817,8091231
25869442,8091231
25852742,8091231
25849179,8091231
25802882,8091231
25624909,8091231
25605744,8091231
25568166,8091231
25206309,8091231
25196046,8091231
25084155,8091231
25043256,8091231
24706727,8091231
24598993,8091231
24591564,8091231
24489863,8091231
24389207,8091231
24387338,8091231
24348212,8091231
24268522,8091231
24177593,8091231
24116205,8091231
24098868,8091231
23998004,8091231
23970893,8091231
23926460,8091231
23841703,8091231
23776363,8091231
23776357,8091231
23717390,8091231
23383274,8091231
23369278,8091231
23339072,8091231
23289006,8091231
23272245,8091231
23107584,8091231
22977638,8091231
22737296,8091231
22693372,8091231
22522501,8091231
22312502,8091231
22295226,8091231
22258532,8091231
22218884,8091231
21926112,8091231
21913181,8091231
21810988,8091231
21789034,8091231
21637504,8091231
21532565,8091231
21336636,8091231
21300207,8091231
21278452,8091231
21218378,8091231
20974951,8091231
20959029,8091231
20579331,8091231
20574808,8091231
20561909,8091231
20542480,8091231
20512659,8091231
20393310,8091231
20233468,8091231
20223016,8091231
20159340,8091231
19995430,8091231
19727433,8091231
19584580,8091231
19584259,8091231
19536108,8091231
19519208,8091231
19383374,8091231
19329713,8091231
19309274,8091231
19280625,8091231
19219042,8091231
19128425,8091231
19115029,8091231
19102775,8091231
18597679,8091231
18587272,8091231
18431501,8091231
18369654,8091231
18208621,8091231
17245114,8091231
17079251,8091231
17018160,8091231
16695985,8091231
16361123,8091231
16168118,8091231
15930293,8091231
15810068,8091231
15684076,8091231
14597750,8091231
12843322,8091231
12835295,8091231
12835293,8091231
12672886,8091231
12100744,8091231
11950848,8091231
11756561,8091231
11710835,8091231
11531255,8091231
11438460,8091231
11250724,8091231
11250683,8091231
11250676,8091231
11170890,8091231
11161412,8091231
11067781,8091231
10924405,8091231
10889864,8091231
10807692,8091231
10799446,8091231
10788334,8091231
10759551,8091231
10724455,8091231
10699056,8091231
10699055,8091231
10655892,8091231
10577927,8091231
10353781,8091231
10193517,8091231
10188893,8091231
10053012,8091231
9832031,8091231
9811893,8091231
9743298,8091231
9742920,8091231
9733033,8091231
9733031,8091231
9729531,8091231
9689095,8091231
9652773,8091231
9643283,8091231
9634504,8091231
9579822,8091231
9560268,8091231
9497246,8091231
9475087,8091231
9429140,8091231
9400938,8091231
9357627,8091231
9326334,8091231
9245992,8091231
9207100,8091231
9152835,8091231
9150174,8091231
9150172,8091231
9150170,8091231
9150156,8091231
9150155,8091231
9150154,8091231
9150153,8091231
9150152,8091231
9150150,8091231
9150149,8091231
9150148,8091231
9122171,8091231
9042907,8091231
9012404,8091231
9006316,8091231
9004126,8091231
8933332,8091231
8917547,8091231
8899366,8091231
8863152,8091231
8825930,8091231
8819440,8091231
8808615,8091231
8755940,8091231
8751855,8091231
8728689,8091231
8644738,8091231
8644702,8091231
8630835,8091231
8592328,8091231
8570617,8091231
8548703,8091231
8533776,8091231
8533757,8091231
7977337,8091231
7783161,8091231
7611277,8091231
7597059,8091231
7573057,8091231
7568034,8091231
7490308,8091231
30219179,8524414
30210910,8524414
30166705,8524414
30149579,8524414
30116257,8524414
30108055,8524414
30089796,8524414
30048498,8524414
30042185,8524414
30023007,8524414
29872710,8524414
29770616,8524414
29755871,8524414
29707112,8524414
29703267,8524414
29681614,8524414
29660759,8524414
29623263,8524414
29622581,8524414
29570666,8524414
29565421,8524414
29427345,8524414
29416040,8524414
29382703,8524414
29290694,8524414
29286222,8524414
29228641,8524414
29215763,8524414
29196727,8524414
29126202,8524414
29116104,8524414
29088781,8524414
29047188,8524414
29021639,8524414
28986348,8524414
28947987,8524414
28924212,8524414
28905878,8524414
28886275,8524414
28881617,8524414
28870997,8524414
28858227,8524414
28815209,8524414
28814288,8524414
28808214,8524414
28713573,8524414
28706734,8524414
28680382,8524414
28649653,8524414
28630313,8524414
28572256,8524414
28525389,8524414
28475137,8524414
28471392,8524414
28423363,8524414
28415857,8524414
28413668,8524414
28405812,8524414
28356982,8524414
28343309,8524414
28342662,8524414
28339459,8524414
28302823,8524414
28211448,8524414
28202063,8524414
28194329,8524414
28182268,8524414
28166811,8524414
28108744,8524414
28086974,8524414
27977206,8524414
27941124,8524414
27921283,8524414
27843583,8524414
27826806,8524414
27797818,8524414
27792995,8524414
27736844,8524414
27716388,8524414
27705907,8524414
27665502,8524414
27658390,8524414
27630665,8524414
27599564,8524414
27589940,8524414
27477457,8524414
27424772,8524414
27417607,8524414
27378931,8524414
27350384,8524414
27338744,8524414
27306910,8524414
27277787,8524414
27270457,8524414
27259208,8524414
27242959,8524414
27231574,8524414
27216078,8524414
27167707,8524414
27102245,8524414
27088617,8524414
27058005,8524414
26997744,8524414
26986251,8524414
26843898,8524414
26733283,8524414
26645008,8524414
26622902,8524414
26586665,8524414
26580448,8524414
26566862,8524414
26564481,8524414
26510816,8524414
26489468,8524414
26489409,8524414
26455428,8524414
26424751,8524414
26354718,8524414
26339436,8524414
26328265,8524414
26261251,8524414
26186187,8524414
26183948,8524414
26175660,8524414
26157685,8524414
26145171,8524414
26113264,8524414
26028963,8524414
26010605,8524414
25938495,8524414
25923920,8524414
25869442,8524414
25868867,8524414
25848941,8524414
25833843,8524414
25826455,8524414
25773776,8524414
25685382,8524414
25683334,8524414
25643705,8524414
25624909,8524414
25605252,8524414
25604866,8524414
25593598,8524414
25513881,8524414
25483746,8524414
25382762,8524414
25371887,8524414
25371446,8524414
25368521,8524414
25366075,8524414
25362854,8524414
25337581,8524414
25301930,8524414
25282148,8524414
25253900,8524414
25224030,8524414
25214894,8524414
25136594,8524414
25120034,8524414
24998779,8524414
24974076,8524414
24941967,8524414
24922460,8524414
24835992,8524414
24824314,8524414
24796624,8524414
24792170,8524414
24771903,8524414
24706727,8524414
24686251,8524414
24675953,8524414
24675890,8524414
24627786,8524414
24549055,8524414
24504028,8524414
24467842,8524414
24395671,8524414
24319497,8524414
24292448,8524414
24281179,8524414
24225019,8524414
24213133,8524414
24155760,8524414
24155753,8524414
24143190,8524414
24141787,8524414
24139550,8524414
24091897,8524414
24052750,8524414
24043945,8524414
24025454,8524414
24004841,8524414
23977314,8524414
23961350,8524414
23935381,8524414
23912341,8524414
23907126,8524414
23884293,8524414
23841703,8524414
23833673,8524414
23802008,8524414
23788797,8524414
23785296,8524414
23762064,8524414
23755158,8524414
23712866,8524414
23704879,8524414
23683081,8524414
23675233,8524414
23531862,8524414
23519070,8524414
23483928,8524414
23481354,8524414
23438721,8524414
23409019,8524414
23369278,8524414
23355272,8524414
23354980,8524414
23344037,8524414
23339072,8524414
23319807,8524414
23316441,8524414
23300410,8524414
23290425,8524414
23239986,8524414
23226154,8524414
23199085,8524414
23199084,8524414
23187834,8524414
23099437,8524414
23091540,8524414
23057551,8524414
23028338,8524414
22987526,8524414
22970155,8524414
22889934,8524414
22848303,8524414
22848222,8524414
22836122,8524414
22753008,8524414
22747109,8524414
22713736,8524414
22706632,8524414
22649661,8524414
22629260,8524414
22576469,8524414
22481874,8524414
22460208,8524414
22401137,8524414
22253144,8524414
22244659,8524414
22193408,8524414
22187435,8524414
22171747,8524414
22157285,8524414
22153967,8524414
22121225,8524414
22117567,8524414
22112691,8524414
22109874,8524414
22109790,8524414
22090379,8524414
22079017,8524414
22044206,8524414
22039535,8524414
22009639,8524414
21989022,8524414
21821475,8524414
21789034,8524414
21779458,8524414
21779174,8524414
21731065,8524414
21670257,8524414
21647941,8524414
21603858,8524414
21576276,8524414
21505449,8524414
21466675,8524414
21424380,8524414
21336636,8524414
21264404,8524414
21247504,8524414
21240275,8524414
21232165,8524414
21205740,8524414
21169536,8524414
21161372,8524414
21149333,8524414
20961453,8524414
20956782,8524414
20877337,8524414
20847884,8524414
20735817,8524414
20729859,8524414
20729832,8524414
20727220,8524414
20723205,8524414
20719876,8524414
20693321,8524414
20687957,8524414
20631063,8524414
20603073,8524414
20537966,8524414
20510205,8524414
20460509,8524414
20454511,8524414
20410767,8524414
20407467,8524414
20393310,8524414
20380699,8524414
20308661,8524414
20299221,8524414
20233468,8524414
20233467,8524414
20223026,8524414
20219108,8524414
20151317,8524414
20073072,8524414
20051372,8524414
20031965,8524414
20008842,8524414
19949876,8524414
19918804,8524414
19906782,8524414
19785775,8524414
19737971,8524414
19690177,8524414
19683094,8524414
19656415,8524414
19619314,8524414
19609323,8524414
19594276,8524414
19584259,8524414
19519208,8524414
19443538,8524414
19383375,8524414
19383374,8524414
19352458,8524414
19330030,8524414
19303847,8524414
19241424,8524414
19200054,8524414
19128425,8524414
19089664,8524414
18990703,8524414
18979190,8524414
18816319,8524414
18783588,8524414
18783406,8524414
18711133,8524414
18708369,8524414
18703817,8524414
18688698,8524414
18687797,8524414
18662409,8524414
18616822,8524414
18535005,8524414
18513387,8524414
18463613,8524414
18451181,8524414
18431501,8524414
18418466,8524414
18417535,8524414
18385729,8524414
18349277,8524414
18299447,8524414
18284688,8524414
18268124,8524414
18257128,8524414
18230020,8524414
18186929,8524414
18091988,8524414
18053174,8524414
18042939,8524414
17972177,8524414
17945002,8524414
17940634,8524414
17916242,8524414
17888188,8524414
17683639,8524414
17570480,8524414
17529967,8524414
17285126,8524414
17105750,8524414
17079251,8524414
17018815,8524414
17018160,8524414
16978908,8524414
16916448,8524414
16905680,8524414
16764716,8524414
16672066,8524414
16595073,8524414
16539695,8524414
16536962,8524414
16513631,8524414
16507150,8524414
16415210,8524414
16361123,8524414
16229746,8524414
16168118,8524414
16014699,8524414
15987455,8524414
15930293,8524414
15858120,8524414
15784723,8524414
15632077,8524414
15583691,8524414
15505627,8524414
15314155,8524414
15287965,8524414
15280342,8524414
15138471,8524414
15057823,8524414
15026808,8524414
15014444,8524414
12677558,8524414
12471197,8524414
12114473,8524414
11953874,8524414
11857010,8524414
11597317,8524414
11592035,8524414
11556835,8524414
11531255,8524414
11461078,8524414
11389159,8524414
11320250,8524414
11283264,8524414
11250747,8524414
11250724,8524414
11250722,8524414
11250694,8524414
11250683,8524414
11250682,8524414
11250680,8524414
11207042,8524414
11170890,8524414
11158174,8524414
11073541,8524414
11044354,8524414
10952777,8524414
10952774,8524414
10889864,8524414
10807692,8524414
10788334,8524414
10767783,8524414
10755399,8524414
10724455,8524414
10682665,8524414
10662810,8524414
10646885,8524414
10639883,8524414
10593998,8524414
10584867,8524414
10577940,8524414
10570174,8524414
10560359,8524414
10528853,8524414
10486320,8524414
10473643,8524414
10408855,8524414
10408690,8524414
10373512,8524414
10360664,8524414
10353781,8524414
10229703,8524414
10227398,8524414
10205260,8524414
10188893,8524414
10090881,8524414
10070883,8524414
10070865,8524414
9888479,8524414
9874798,8524414
9843483,8524414
9836472,8524414
9832031,8524414
9822391,8524414
9811893,8524414
9792861,8524414
9743305,8524414
9742920,8524414
9733032,8524414
9667663,8524414
9652774,8524414
9649133,8524414
9643283,8524414
9585613,8524414
9579822,8524414
9560268,8524414
9518921,8524414
9507390,8524414
9497246,8524414
9475087,8524414
9443863,8524414
9429140,8524414
9400938,8524414
9365162,8524414
9345101,8524414
9326334,8524414
9304670,8524414
9245992,8524414
9242334,8524414
9207100,8524414
9150174,8524414
9150172,8524414
9150171,8524414
9150170,8524414
9150156,8524414
9150155,8524414
9150154,8524414
9150153,8524414
9150150,8524414
9150149,8524414
9122171,8524414
9099970,8524414
9043036,8524414
9042907,8524414
9033253,8524414
9012824,8524414
9012404,8524414
8933332,8524414
8917547,8524414
8880571,8524414
8863152,8524414
8808615,8524414
8755940,8524414
8695370,8524414
8644738,8524414
8616352,8524414
29707605,9126738
29662617,9126738
29599286,9126738
29021281,9126738
28858227,9126738
28743957,9126738
28611389,9126738
28575672,9126738
28512217,9126738
28179392,9126738
28078281,9126738
27984746,9126738
27941124,9126738
27923995,9126738
27753535,9126738
27588601,9126738
27498558,9126738
27490902,9126738
27084934,9126738
27058754,9126738
26992456,9126738
26920070,9126738
26566862,9126738
26489468,9126738
26338419,9126738
26203462,9126738
26145171,9126738
26064523,9126738
25852742,9126738
25836596,9126738
25833843,9126738
25773776,9126738
25666348,9126738
25520194,9126738
25488918,9126738
25301930,9126738
25016281,9126738
24901438,9126738
24832651,9126738
24795863,9126738
24624093,9126738
24562499,9126738
24389207,9126738
24387338,9126738
24323938,9126738
24289229,9126738
24268522,9126738
23673020,9126738
23657012,9126738
23585894,9126738
23384538,9126738
23187834,9126738
22964643,9126738
22629260,9126738
22550082,9126738
22471976,9126738
22312502,9126738
22303228,9126738
22295226,9126738
22194698,9126738
22039535,9126738
22033972,9126738
21987080,9126738
21836819,9126738
21741379,9126738
21740187,9126738
21731065,9126738
21670257,9126738
21647941,9126738
21483806,9126738
21470549,9126738
21466675,9126738
21336636,9126738
20952512,9126738
20842695,9126738
20729832,9126738
20690856,9126738
20585617,9126738
20561909,9126738
20493860,9126738
20421506,9126738
20177395,9126738
19910469,9126738
19875294,9126738
19772495,9126738
19770511,9126738
19686080,9126738
19654238,9126738
19628690,9126738
19609323,9126738
19540122,9126738
19457980,9126738
19427003,9126738
19327579,9126738
19101576,9126738
19047179,9126738
18974873,9126738
18940471,9126738
18787609,9126738
18687060,9126738
18618591,9126738
18607349,9126738
18599024,9126738
18593900,9126738
18587272,9126738
18511420,9126738
18430140,9126738
18417535,9126738
18413737,9126738
18371194,9126738
18369654,9126738
18310075,9126738
18284688,9126738
18166982,9126738
17945002,9126738
17940634,9126738
17700570,9126738
17541404,9126738
17515903,9126738
17483448,9126738
17476307,9126738
17379580,9126738
17261595,9126738
17239372,9126738
16990250,9126738
16906222,9126738
16825431,9126738
16731627,9126738
16513631,9126738
16415210,9126738
16382157,9126738
16177181,9126738
16135822,9126738
16051739,9126738
15956972,9126738
15937124,9126738
15930293,9126738
15798199,9126738
15767662,9126738
15713648,9126738
15632077,9126738
15318925,9126738
15314155,9126738
15014444,9126738
14744934,9126738
14566050,9126738
12893777,9126738
12832489,9126738
12588986,9126738
12456786,9126738
12446782,9126738
11879553,9126738
11756561,9126738
11532935,9126738
11486038,9126738
11459950,9126738
11447276,9126738
11353843,9126738
11283266,9126738
11256631,9126738
11250724,9126738
11250722,9126738
11250695,9126738
11250682,9126738
11170890,9126738
11158303,9126738
11118202,9126738
11100717,9126738
10931916,9126738
10908572,9126738
10859164,9126738
10859163,9126738
10837032,9126738
10747037,9126738
10724455,9126738
10691732,9126738
10584867,9126738
10570174,9126738
10557214,9126738
10507777,9126738
10490643,9126738
10471049,9126738
10377422,9126738
10373512,9126738
10229703,9126738
10193517,9126738
10022881,9126738
9923797,9126738
9885240,9126738
9811893,9126738
9799267,9126738
9736627,9126738
9643283,9126738
9628903,9126738
9560268,9126738
9469824,9126738
9430650,9126738
9396801,9126738
9382087,9126738
9372947,9126738
9342365,9126738
9342309,9126738
9336464,9126738
30258276,9145676
30228700,9145676
30166705,9145676
30134520,9145676
29861850,9145676
29690565,9145676
29659587,9145676
29659569,9145676
29566172,9145676
29459887,9145676
29446198,9145676
29321957,9145676
29228967,9145676
29228641,9145676
29182397,9145676
29021639,9145676
28918466,9145676
28917021,9145676
28841835,9145676
28808221,9145676
28794804,9145676
28766223,9145676
28624978,9145676
28600340,9145676
28439188,9145676
28269871,9145676
28157161,9145676
28090392,9145676
28079900,9145676
28078281,9145676
28076423,9145676
27989354,9145676
27906166,9145676
27899195,9145676
27842325,9145676
27689078,9145676
27626483,9145676
27553621,9145676
27532831,9145676
27514839,9145676
27313062,9145676
27242959,9145676
27121695,9145676
27081505,9145676
27058005,9145676
27045993,9145676
27023391,9145676
26992017,9145676
26881472,9145676
26848529,9145676
26848297,9145676
26768420,9145676
26721669,9145676
26645001,9145676
26622681,9145676
26577449,9145676
26510816,9145676
26504486,9145676
26453319,9145676
26338451,9145676
26337050,9145676
26300672,9145676
26150446,9145676
26062626,9145676
25980754,9145676
25960719,9145676
25951739,9145676
25948675,9145676
25798433,9145676
25798252,9145676
25685387,9145676
25592164,9145676
25522274,9145676
25485004,9145676
25435541,9145676
25404955,9145676
25295459,9145676
25203624,9145676
25192939,9145676
25183411,9145676
25170203,9145676
25127731,9145676
25111073,9145676
24957542,9145676
24910640,9145676
24884785,9145676
24872733,9145676
24867283,9145676
24770866,9145676
24678132,9145676
24671341,9145676
24587872,9145676
24583925,9145676
24516540,9145676
24489419,9145676
24423863,9145676
24383053,9145676
24351742,9145676
24350628,9145676
24292448,9145676
24289229,9145676
24244370,9145676
23941236,9145676
23926460,9145676
23917453,9145676
23855721,9145676
23833688,9145676
23819023,9145676
23788959,9145676
23778531,9145676
23722471,9145676
23704974,9145676
23658460,9145676
23636849,9145676
23475555,9145676
23319948,9145676
23231005,9145676
23187834,9145676
23184082,9145676
23149842,9145676
23093334,9145676
23091538,9145676
23055798,9145676
22987302,9145676
22853843,9145676
22739988,9145676
22575968,9145676
22522501,9145676
22430266,9145676
22425664,9145676
22312502,9145676
22276059,9145676
22275985,9145676
22253144,9145676
22244659,9145676
22185575,9145676
22106103,9145676
22088962,9145676
22053997,9145676
21756279,9145676
21711529,9145676
21708937,9145676
21687489,9145676
21673951,9145676
21668996,9145676
21629734,9145676
21629494,9145676
21597964,9145676
21503673,9145676
21424870,9145676
21424757,9145676
21394499,9145676
21369831,9145676
21276604,9145676
21169536,9145676
21149333,9145676
20919528,9145676
20880789,9145676
20810374,9145676
20736950,9145676
20707868,9145676
20676756,9145676
20411323,9145676
20368650,9145676
20368571,9145676
20235860,9145676
20233462,9145676
20223009,9145676
20215531,9145676
20144313,9145676
20135344,9145676
20002400,9145676
19902366,9145676
19843326,9145676
19785775,9145676
19767587,9145676
19725994,9145676
19706645,9145676
19656774,9145676
19596651,9145676
19476645,9145676
19383374,9145676
19324993,9145676
19277124,9145676
19241424,9145676
19223505,9145676
19188187,9145676
19176442,9145676
19141781,9145676
19064968,9145676
19048111,9145676
19001322,9145676
18925859,9145676
18854563,9145676
18851829,9145676
18836996,9145676
18836779,9145676
18836536,9145676
18834503,9145676
18783588,9145676
18708369,9145676
18703817,9145676
18702049,9145676
18688698,9145676
18687797,9145676
18647968,9145676
18636423,9145676
18628483,9145676
18614782,9145676
18542066,9145676
18513387,9145676
18418466,9145676
18418465,9145676
18413468,9145676
18405391,9145676
18397521,9145676
18369226,9145676
18274079,9145676
18268356,9145676
18182994,9145676
18182601,9145676
18158280,9145676
17999359,9145676
17972172,9145676
17909205,9145676
17850658,9145676
17700570,9145676
17593981,9145676
17585057,9145676
17541692,9145676
17416853,9145676
17336372,9145676
17307836,9145676
17279200,9145676
17213823,9145676
17160431,9145676
17102813,9145676
17079251,9145676
17018815,9145676
16985998,9145676
16973716,9145676
16764716,9145676
16681846,9145676
16646800,9145676
16602826,9145676
16563154,9145676
16522651,9145676
16484695,9145676
16434996,9145676
16417652,9145676
16369438,9145676
16361123,9145676
16109739,9145676
16098152,9145676
15937110,9145676
15756256,9145676
15545966,9145676
15208783,9145676
15150621,9145676
15138485,9145676
15138471,9145676
15116316,9145676
15083174,9145676
14757853,9145676
14735173,9145676
14612409,9145676
14597750,9145676
14580256,9145676
14580253,9145676
12929083,9145676
12911837,9145676
12677558,9145676
12612865,9145676
12577202,9145676
12474142,9145676
12471197,9145676
12368216,9145676
12354934,9145676
12145750,9145676
12140314,9145676
12107289,9145676
11929722,9145676
11857015,9145676
11850376,9145676
11527843,9145676
11478123,9145676
11437399,9145676
11431403,9145676
11429050,9145676
11389159,9145676
11340759,9145676
11325775,9145676
11314429,9145676
11250722,9145676
11250694,9145676
11248061,9145676
11237395,9145676
11207041,9145676
11073541,9145676
11063672,9145676
11056686,9145676
11044354,9145676
10984458,9145676
10952774,9145676
10945492,9145676
10889864,9145676
10807691,9145676
10788334,9145676
10767783,9145676
10753083,9145676
10739756,9145676
10712222,9145676
10682686,9145676
10577940,9145676
10577931,9145676
10487631,9145676
10441573,9145676
10408690,9145676
10353781,9145676
10205268,9145676
10090881,9145676
10090879,9145676
10027348,9145676
9973276,9145676
9822391,9145676
9743298,9145676
9742920,9145676
9649133,9145676
9634504,9145676
9585613,9145676
9584103,9145676
9579822,9145676
9549463,9145676
9497246,9145676
9443863,9145676
9245992,9145676
30207098,9443863
30178398,9443863
30093737,9443863
29880983,9443863
29861850,9443863
29781100,9443863
29483665,9443863
29356578,9443863
29162654,9443863
29160558,9443863
28944288,9443863
28943953,9443863
28670484,9443863
28623477,9443863
28591191,9443863
28578505,9443863
28351343,9443863
28205045,9443863
28142043,9443863
28137790,9443863
27815748,9443863
27796713,9443863
27741520,9443863
27464310,9443863
27200080,9443863
27134689,9443863
26848446,9443863
26786860,9443863
26690931,9443863
26677205,9443863
26155950,9443863
26047126,9443863
26025e3,9443863
25983549,9443863
25956172,9443863
25605744,9443863
25371446,9443863
25253900,9443863
25138101,9443863
25114845,9443863
24941967,9443863
24833917,9443863
24771903,9443863
24686888,9443863
24678132,9443863
24638001,9443863
24358447,9443863
24353130,9443863
24321553,9443863
24281205,9443863
24171047,9443863
24165150,9443863
24155753,9443863
24037976,9443863
23819023,9443863
23793601,9443863
23690142,9443863
23592716,9443863
23300341,9443863
23247828,9443863
23233716,9443863
23184082,9443863
23171648,9443863
23037493,9443863
22924092,9443863
22711611,9443863
22703879,9443863
22682623,9443863
22595938,9443863
22290208,9443863
22124624,9443863
22054804,9443863
21858794,9443863
21540561,9443863
21529750,9443863
20512419,9443863
20410767,9443863
20234394,9443863
20234365,9443863
20068151,9443863
20025726,9443863
19949876,9443863
19904271,9443863
19818148,9443863
19805686,9443863
19563646,9443863
19525703,9443863
19429733,9443863
19383884,9443863
19258476,9443863
19208375,9443863
19200354,9443863
19188678,9443863
19174581,9443863
19102775,9443863
19090507,9443863
19088015,9443863
19080039,9443863
19075251,9443863
18999202,9443863
18836779,9443863
18687797,9443863
18651949,9443863
18479882,9443863
18466632,9443863
18418466,9443863
18418465,9443863
18407567,9443863
18349832,9443863
18349277,9443863
18335566,9443863
18316752,9443863
18061181,9443863
18053174,9443863
18042939,9443863
17909205,9443863
17888188,9443863
17636425,9443863
17625228,9443863
17420451,9443863
17416862,9443863
17416853,9443863
17378937,9443863
17066320,9443863
17016486,9443863
17003396,9443863
16941638,9443863
16918912,9443863
16909138,9443863
16800895,9443863
16762045,9443863
16646800,9443863
16484695,9443863
16417652,9443863
16098152,9443863
15987451,9443863
15857495,9443863
15834239,9443863
15785743,9443863
15642173,9443863
15381934,9443863
15280342,9443863
15173236,9443863
14580256,9443863
12843322,9443863
11857015,9443863
11527843,9443863
11237395,9443863
10767783,9443863
10699057,9443863
9742920,9443863
30275608,9497246
30234181,9497246
30075794,9497246
29998082,9497246
29955703,9497246
29733510,9497246
29659587,9497246
29582646,9497246
29566657,9497246
29480828,9497246
29466291,9497246
29456844,9497246
29435039,9497246
29422015,9497246
29368425,9497246
29356578,9497246
29325452,9497246
29228967,9497246
29196913,9497246
29161300,9497246
28977883,9497246
28894848,9497246
28814288,9497246
28796317,9497246
28685084,9497246
28680148,9497246
28670351,9497246
28657222,9497246
28629773,9497246
28624978,9497246
28538673,9497246
28477017,9497246
28453507,9497246
28392550,9497246
28382102,9497246
28285341,9497246
28205045,9497246
28177912,9497246
28157161,9497246
28112991,9497246
28076950,9497246
27899083,9497246
27876019,9497246
27844253,9497246
27843583,9497246
27788678,9497246
27779110,9497246
27769992,9497246
27716388,9497246
27688728,9497246
27600412,9497246
27587993,9497246
27553291,9497246
27443514,9497246
27413415,9497246
27391110,9497246
27338744,9497246
27325848,9497246
27306910,9497246
27303907,9497246
27286002,9497246
27273131,9497246
27252788,9497246
27200080,9497246
27192130,9497246
27144894,9497246
27144062,9497246
27129401,9497246
27095945,9497246
27077130,9497246
27067391,9497246
27066510,9497246
27050030,9497246
27027444,9497246
26997744,9497246
26992017,9497246
26986251,9497246
26920070,9497246
26884819,9497246
26870808,9497246
26843614,9497246
26823519,9497246
26768420,9497246
26715507,9497246
26690337,9497246
26586665,9497246
26568913,9497246
26550133,9497246
26511885,9497246
26328548,9497246
26327783,9497246
26309417,9497246
26293705,9497246
26237476,9497246
26187060,9497246
26162567,9497246
26109977,9497246
26082944,9497246
26078790,9497246
26045257,9497246
26010605,9497246
25960719,9497246
25948675,9497246
25908947,9497246
25902343,9497246
25848941,9497246
25798252,9497246
25789047,9497246
25713430,9497246
25692038,9497246
25666348,9497246
25569233,9497246
25482078,9497246
25447904,9497246
25427996,9497246
25376862,9497246
25371446,9497246
25236687,9497246
25224030,9497246
25192939,9497246
25114845,9497246
25091735,9497246
25002817,9497246
24971890,9497246
24955283,9497246
24951267,9497246
24950059,9497246
24944648,9497246
24915755,9497246
24901479,9497246
24884479,9497246
24872733,9497246
24796968,9497246
24711870,9497246
24695549,9497246
24667084,9497246
24660075,9497246
24563347,9497246
24501658,9497246
24429628,9497246
24358278,9497246
24292448,9497246
24275135,9497246
24198482,9497246
24179442,9497246
24097974,9497246
24072553,9497246
23946868,9497246
23935836,9497246
23917453,9497246
23836079,9497246
23819023,9497246
23788959,9497246
23781229,9497246
23776375,9497246
23762064,9497246
23690926,9497246
23680028,9497246
23579217,9497246
23554638,9497246
23536787,9497246
23431300,9497246
23405268,9497246
23318652,9497246
23300655,9497246
23293602,9497246
23271408,9497246
23267305,9497246
23248761,9497246
23233716,9497246
23231005,9497246
23216834,9497246
23213100,9497246
23199085,9497246
23184082,9497246
23179792,9497246
23133607,9497246
23099436,9497246
23093334,9497246
23056176,9497246
23054337,9497246
23028338,9497246
22977638,9497246
22977115,9497246
22869870,9497246
22853843,9497246
22848222,9497246
22792303,9497246
22790858,9497246
22753008,9497246
22736444,9497246
22734169,9497246
22729394,9497246
22703186,9497246
22678057,9497246
22670098,9497246
22662244,9497246
22632462,9497246
22544547,9497246
22430266,9497246
22429896,9497246
22425664,9497246
22357897,9497246
22275959,9497246
22274690,9497246
22262859,9497246
22253144,9497246
22235027,9497246
22231042,9497246
22218884,9497246
22160602,9497246
22139894,9497246
22112691,9497246
22053997,9497246
22045356,9497246
22009639,9497246
21933006,9497246
21892298,9497246
21855118,9497246
21835029,9497246
21834074,9497246
21816897,9497246
21811309,9497246
21778580,9497246
21708937,9497246
21681822,9497246
21668996,9497246
21637504,9497246
21637503,9497246
21603858,9497246
21603083,9497246
21571596,9497246
21552502,9497246
21487411,9497246
21444874,9497246
21427728,9497246
21424757,9497246
21404118,9497246
21369831,9497246
21365268,9497246
21365267,9497246
21276604,9497246
21246292,9497246
21232165,9497246
21218378,9497246
21169536,9497246
21102443,9497246
21037853,9497246
20980697,9497246
20961453,9497246
20932271,9497246
20930542,9497246
20921543,9497246
20824037,9497246
20810374,9497246
20687957,9497246
20676756,9497246
20647335,9497246
20639550,9497246
20637093,9497246
20631074,9497246
20567624,9497246
20554149,9497246
20542480,9497246
20530438,9497246
20510205,9497246
20456938,9497246
20397150,9497246
20368650,9497246
20234365,9497246
20233481,9497246
20233480,9497246
20233468,9497246
20233467,9497246
20233462,9497246
20223033,9497246
20177093,9497246
20167074,9497246
20146796,9497246
20135344,9497246
20111735,9497246
20101300,9497246
20028858,9497246
20014424,9497246
19996031,9497246
19958922,9497246
19949876,9497246
19920816,9497246
19890494,9497246
19876733,9497246
19843326,9497246
19833573,9497246
19805094,9497246
19804604,9497246
19767587,9497246
19695104,9497246
19619314,9497246
19596651,9497246
19584580,9497246
19567506,9497246
19543528,9497246
19536330,9497246
19493351,9497246
19466581,9497246
19460581,9497246
19383375,9497246
19383374,9497246
19367322,9497246
19329713,9497246
19324993,9497246
19319666,9497246
19309274,9497246
19277124,9497246
19240718,9497246
19232099,9497246
19223511,9497246
19188678,9497246
19176442,9497246
19174581,9497246
19141781,9497246
19128425,9497246
19119312,9497246
19089844,9497246
19043619,9497246
18992264,9497246
18979190,9497246
18925859,9497246
18851829,9497246
18836779,9497246
18834503,9497246
18812548,9497246
18783588,9497246
18782836,9497246
18718648,9497246
18706089,9497246
18703817,9497246
18702049,9497246
18691161,9497246
18687797,9497246
18662409,9497246
18647968,9497246
18628483,9497246
18618591,9497246
18542066,9497246
18513387,9497246
18489799,9497246
18450541,9497246
18443409,9497246
18418466,9497246
18418465,9497246
18410690,9497246
18402691,9497246
18355772,9497246
18344704,9497246
18326623,9497246
18268356,9497246
18268124,9497246
18230179,9497246
18196574,9497246
18053174,9497246
18042939,9497246
17999359,9497246
17909205,9497246
17850658,9497246
17697391,9497246
17673440,9497246
17640379,9497246
17625228,9497246
17603881,9497246
17561994,9497246
17541692,9497246
17525270,9497246
17466083,9497246
17416853,9497246
17341306,9497246
17324252,9497246
17285126,9497246
17213827,9497246
17213823,9497246
17106493,9497246
17079251,9497246
17018160,9497246
16978908,9497246
16973716,9497246
16905680,9497246
16825437,9497246
16825431,9497246
16800895,9497246
16762046,9497246
16646800,9497246
16623069,9497246
16622469,9497246
16622123,9497246
16575876,9497246
16563180,9497246
16539696,9497246
16522651,9497246
16507150,9497246
16484695,9497246
16460311,9497246
16457692,9497246
16417652,9497246
16407375,9497246
16280053,9497246
16229746,9497246
16168130,9497246
16168118,9497246
16136053,9497246
16131554,9497246
16052221,9497246
15834239,9497246
15831578,9497246
15756256,9497246
15681486,9497246
15653260,9497246
15642173,9497246
15545966,9497246
15505627,9497246
15381934,9497246
15353005,9497246
15217508,9497246
15217505,9497246
15217503,9497246
15173236,9497246
15138485,9497246
15116316,9497246
15083174,9497246
15082902,9497246
15026808,9497246
14979910,9497246
14962874,9497246
14680492,9497246
14627668,9497246
14583096,9497246
12843322,9497246
12698193,9497246
12677558,9497246
12672886,9497246
12610208,9497246
12471197,9497246
12368216,9497246
12177798,9497246
12145750,9497246
12100744,9497246
11953874,9497246
11879560,9497246
11875732,9497246
11857015,9497246
11850376,9497246
11756561,9497246
11556836,9497246
11527843,9497246
11437399,9497246
11433037,9497246
11431403,9497246
11429050,9497246
11395387,9497246
11389159,9497246
11309686,9497246
11286467,9497246
11250724,9497246
11250722,9497246
11250694,9497246
11250683,9497246
11250676,9497246
11248061,9497246
11238682,9497246
11237395,9497246
11207042,9497246
11179017,9497246
11170890,9497246
11133358,9497246
11056688,9497246
11044356,9497246
11044354,9497246
10978226,9497246
10952777,9497246
10944226,9497246
10917555,9497246
10755399,9497246
10739756,9497246
10638982,9497246
10577940,9497246
10570174,9497246
10528853,9497246
10487825,9497246
10486320,9497246
10441587,9497246
10090894,9497246
10090879,9497246
10082707,9497246
9811893,9497246
30149579,9774970
29387807,9774970
29386125,9774970
28963981,9774970
28912125,9774970
28858227,9774970
28833843,9774970
28608931,9774970
28596291,9774970
28398198,9774970
27941124,9774970
27760710,9774970
27760317,9774970
27513691,9774970
27065665,9774970
26895423,9774970
26843898,9774970
26811421,9774970
26420486,9774970
26338419,9774970
25833843,9774970
25548681,9774970
25092866,9774970
24970156,9774970
24948741,9774970
24893124,9774970
24832651,9774970
24811865,9774970
24624361,9774970
24591564,9774970
24478985,9774970
24460909,9774970
24397478,9774970
24389207,9774970
24348212,9774970
24097900,9774970
24096576,9774970
24013206,9774970
23388117,9774970
22843421,9774970
22789542,9774970
22629260,9774970
22382926,9774970
22369660,9774970
22303228,9774970
22295252,9774970
22293751,9774970
22167183,9774970
22137763,9774970
21968427,9774970
21836819,9774970
21731065,9774970
21709021,9774970
21666281,9774970
21406551,9774970
21113097,9774970
21055983,9774970
20952512,9774970
20858716,9774970
20740639,9774970
20579331,9774970
20484397,9774970
20388772,9774970
20305393,9774970
20029420,9774970
20007691,9774970
19910469,9774970
19808958,9774970
19759395,9774970
19704162,9774970
19683501,9774970
19620486,9774970
19584259,9774970
19553677,9774970
19451272,9774970
19423707,9774970
19396164,9774970
19369211,9774970
19327579,9774970
19305427,9774970
19268590,9774970
19200054,9774970
19101576,9774970
18953404,9774970
18619997,9774970
18545657,9774970
18458103,9774970
18439040,9774970
18417535,9774970
18413737,9774970
18369654,9774970
18284688,9774970
18179693,9774970
18036997,9774970
17627904,9774970
17591703,9774970
17541404,9774970
17379580,9774970
16914443,9774970
16906222,9774970
16415210,9774970
16391231,9774970
15930293,9774970
15899844,9774970
15798199,9774970
15713648,9774970
15590323,9774970
15314155,9774970
15175262,9774970
15014444,9774970
14701743,9774970
14681210,9774970
12917330,9774970
12756300,9774970
12582233,9774970
12509456,9774970
12488590,9774970
12446782,9774970
12234376,9774970
12024039,9774970
12024016,9774970
11879553,9774970
11597317,9774970
11593018,9774970
11459987,9774970
11459983,9774970
11459980,9774970
11447276,9774970
11371630,9774970
11353843,9774970
11320250,9774970
11290705,9774970
11283264,9774970
11256631,9774970
11250724,9774970
11250695,9774970
11157798,9774970
11134344,9774970
11114888,9774970
11100717,9774970
11003642,9774970
10944226,9774970
10938124,9774970
10837032,9774970
10811118,9774970
10783165,9774970
10584867,9774970
10570174,9774970
10525529,9774970
10436023,9774970
10373534,9774970
10373512,9774970
10090719,9774970
29898891,10359546
29872710,10359546
29805665,10359546
29755871,10359546
29682331,10359546
29446198,10359546
29409476,10359546
29368425,10359546
29346284,10359546
28770017,10359546
28357044,10359546
28342662,10359546
27896289,10359546
27815389,10359546
27737991,10359546
27737975,10359546
27417805,10359546
27129401,10359546
27037238,10359546
26987529,10359546
26970739,10359546
26923423,10359546
26852130,10359546
26730210,10359546
26577449,10359546
26564481,10359546
26496879,10359546
26387133,10359546
26328265,10359546
26082817,10359546
26040322,10359546
26014432,10359546
25948282,10359546
25742481,10359546
25605252,10359546
25548576,10359546
25435542,10359546
25435541,10359546
24942640,10359546
24884479,10359546
24838940,10359546
24818103,10359546
24693404,10359546
24675953,10359546
24516540,10359546
24498881,10359546
24454456,10359546
24359602,10359546
24312913,10359546
24281079,10359546
24040146,10359546
23940692,10359546
23825742,10359546
23819024,10359546
23785413,10359546
23776363,10359546
23674086,10359546
23617930,10359546
23408238,10359546
23289006,10359546
23224237,10359546
22734169,10359546
22703186,10359546
22693372,10359546
22682623,10359546
22545048,10359546
22290208,10359546
22187038,10359546
22114898,10359546
21960690,10359546
21804359,10359546
21637504,10359546
21352566,10359546
21336636,10359546
20847819,10359546
20637093,10359546
20530438,10359546
20410767,10359546
20368571,10359546
20234365,10359546
20110285,10359546
20025740,10359546
19818148,10359546
19690183,10359546
19656415,10359546
19619314,10359546
19491894,10359546
19298662,10359546
19174581,10359546
19090970,10359546
19034644,10359546
18779610,10359546
18759965,10359546
18645608,10359546
18349832,10359546
18096087,10359546
18053234,10359546
17999359,10359546
17997823,10359546
17916242,10359546
17700570,10359546
17697391,10359546
17551082,10359546
17428325,10359546
17426707,10359546
17233897,10359546
17018160,10359546
17016486,10359546
16909138,10359546
16848974,10359546
16575876,10359546
16538220,10359546
16417652,10359546
16404418,10359546
16051739,10359546
16029503,10359546
15923272,10359546
15546499,10359546
15381934,10359546
15217505,10359546
15173236,10359546
15113441,10359546
15082902,10359546
14757853,10359546
14580256,10359546
12698193,10359546
12677558,10359546
12488587,10359546
12474142,10359546
12454765,10359546
12223120,10359546
12181777,10359546
12177798,10359546
12145750,10359546
12100744,10359546
11792833,10359546
11710829,10359546
11437399,10359546
11431403,10359546
11389159,10359546
11305950,10359546
11250694,10359546
11250683,10359546
11250676,10359546
11237395,10359546
11233871,10359546
11161413,10359546
11161404,10359546
11133358,10359546
11044354,10359546
10917555,10359546
10788334,10359546
10682686,10359546
10678859,10359546
10577931,10359546
30286154,10433620
30258276,10433620
30234181,10433620
30190834,10433620
30113427,10433620
30069056,10433620
30021554,10433620
29710070,10433620
29690565,10433620
29659569,10433620
29623263,10433620
29580149,10433620
29568247,10433620
29565421,10433620
29528422,10433620
29456621,10433620
29433453,10433620
29416040,10433620
29386125,10433620
29385580,10433620
29382159,10433620
29307198,10433620
29301143,10433620
29299148,10433620
29254387,10433620
29236593,10433620
28831036,10433620
28790484,10433620
28758010,10433620
28706734,10433620
28670070,10433620
28614085,10433620
28609837,10433620
28608931,10433620
28579318,10433620
28575672,10433620
28559958,10433620
28546758,10433620
28487467,10433620
28450426,10433620
28448241,10433620
28410213,10433620
28254358,10433620
28246467,10433620
28211448,10433620
28076950,10433620
28049253,10433620
28008555,10433620
27989354,10433620
27938791,10433620
27902461,10433620
27865274,10433620
27776349,10433620
27747088,10433620
27687897,10433620
27595995,10433620
27486767,10433620
27486019,10433620
27367496,10433620
27325848,10433620
27306910,10433620
27294245,10433620
27087322,10433620
27069714,10433620
27004541,10433620
26986251,10433620
26960396,10433620
26929738,10433620
26857456,10433620
26844277,10433620
26812021,10433620
26779294,10433620
26733283,10433620
26721669,10433620
26586665,10433620
26564481,10433620
26489468,10433620
26483394,10433620
26440929,10433620
26439702,10433620
26433958,10433620
26424758,10433620
26236408,10433620
26226901,10433620
26217116,10433620
26183948,10433620
26180923,10433620
26150619,10433620
26126726,10433620
26075229,10433620
25960719,10433620
25951739,10433620
25838448,10433620
25833843,10433620
25750544,10433620
25645574,10433620
25605744,10433620
25524463,10433620
25485004,10433620
25376862,10433620
25368521,10433620
25356972,10433620
25350069,10433620
25349615,10433620
25301325,10433620
25224030,10433620
25170203,10433620
25152581,10433620
25151476,10433620
25101567,10433620
25072261,10433620
25025957,10433620
24949998,10433620
24880342,10433620
24845763,10433620
24686849,10433620
24624093,10433620
24616882,10433620
24598993,10433620
24528929,10433620
24484606,10433620
24429628,10433620
24310616,10433620
24292448,10433620
24273588,10433620
24268522,10433620
24013206,10433620
23934762,10433620
23856911,10433620
23817498,10433620
23776357,10433620
23677535,10433620
23658460,10433620
23586058,10433620
23584710,10433620
23569316,10433620
23535732,10433620
23504063,10433620
23456555,10433620
23318356,10433620
23303449,10433620
23202913,10433620
23196058,10433620
23187834,10433620
23146383,10433620
23112885,10433620
23099806,10433620
23091540,10433620
22984553,10433620
22969218,10433620
22933731,10433620
22848222,10433620
22682623,10433620
22589078,10433620
22522501,10433620
22516946,10433620
22341255,10433620
22312502,10433620
22246618,10433620
22245846,10433620
22244659,10433620
22162228,10433620
22112469,10433620
22085629,10433620
22053997,10433620
22042787,10433620
21990299,10433620
21934105,10433620
21769933,10433620
21614589,10433620
21603083,10433620
21470549,10433620
21399666,10433620
21365268,10433620
21365267,10433620
21199651,10433620
20932271,10433620
20919528,10433620
20840664,10433620
20736950,10433620
20727885,10433620
20676117,10433620
20585617,10433620
20421506,10433620
20383578,10433620
20308661,10433620
20233481,10433620
20233466,10433620
20215531,10433620
20002770,10433620
19959799,10433620
19902366,10433620
19861671,10433620
19833573,10433620
19799798,10433620
19751083,10433620
19725989,10433620
19657673,10433620
19616151,10433620
19582179,10433620
19493351,10433620
19476645,10433620
19461915,10433620
19383375,10433620
19383374,10433620
19318433,10433620
19277124,10433620
19214961,10433620
19210013,10433620
19188187,10433620
19158989,10433620
19102775,10433620
19090507,10433620
19089664,10433620
19064968,10433620
19043619,10433620
19039327,10433620
19029836,10433620
18855126,10433620
18836779,10433620
18786261,10433620
18708369,10433620
18651949,10433620
18581219,10433620
18577985,10433620
18544627,10433620
18513387,10433620
18407567,10433620
18369654,10433620
18349832,10433620
18333084,10433620
18288683,10433620
18182994,10433620
18046629,10433620
17996793,10433620
17872573,10433620
17850658,10433620
17764494,10433620
17700570,10433620
17673443,10433620
17636425,10433620
17625228,10433620
17307836,10433620
17254323,10433620
17213823,10433620
17200668,10433620
17164383,10433620
17079251,10433620
17018160,10433620
16985998,10433620
16857995,10433620
16825431,10433620
16764716,10433620
16698758,10433620
16417652,10433620
16369438,10433620
16052221,10433620
15972300,10433620
15858120,10433620
15630470,10433620
15381934,10433620
15287965,10433620
15280931,10433620
15116316,10433620
14597750,10433620
14583096,10433620
14580253,10433620
12911837,10433620
12865922,10433620
12474142,10433620
12373604,10433620
11950811,10433620
11875732,10433620
11250724,10433620
11250722,10433620
11250694,10433620
11179017,10433620
11170890,10433620
11063672,10433620
10739756,10433620
30373556,10843985
30135856,10843985
30008919,10843985
29910657,10843985
29867226,10843985
29635390,10843985
29606576,10843985
29480828,10843985
29434522,10843985
28977823,10843985
28967905,10843985
28912125,10843985
28831036,10843985
28613254,10843985
28494179,10843985
28471392,10843985
28333150,10843985
28069943,10843985
28028375,10843985
28008145,10843985
28002809,10843985
27740936,10843985
27626685,10843985
27454287,10843985
27184417,10843985
27179511,10843985
26926912,10843985
26745677,10843985
26677438,10843985
26669452,10843985
26649820,10843985
26501335,10843985
26324327,10843985
26196284,10843985
26181259,10843985
26175926,10843985
26162908,10843985
26137293,10843985
25905708,10843985
25847929,10843985
25806229,10843985
25398451,10843985
25347122,10843985
25252691,10843985
25219499,10843985
25104095,10843985
25092866,10843985
25016020,10843985
24998779,10843985
24971740,10843985
24914237,10843985
24832651,10843985
24831086,10843985
24788697,10843985
24773628,10843985
24536073,10843985
24521615,10843985
24478985,10843985
24476748,10843985
24389207,10843985
24212667,10843985
24197907,10843985
24114677,10843985
24107634,10843985
24094932,10843985
24065387,10843985
23966292,10843985
23901102,10843985
23830640,10843985
23727112,10843985
23548269,10843985
23337117,10843985
23259762,10843985
23203101,10843985
23055523,10843985
23037493,10843985
22915751,10843985
22869732,10843985
22868240,10843985
22866131,10843985
22787410,10843985
22778154,10843985
22762204,10843985
22759740,10843985
22673632,10843985
22665067,10843985
22522501,10843985
22445484,10843985
22416079,10843985
22312556,10843985
22186889,10843985
22084573,10843985
22082486,10843985
21954437,10843985
21900106,10843985
21875941,10843985
21874107,10843985
21857991,10843985
21830012,10843985
21819606,10843985
21779174,10843985
21771338,10843985
21709188,10843985
21706030,10843985
21701511,10843985
21633166,10843985
21532565,10843985
21478198,10843985
21394302,10843985
21205087,10843985
21195e3,10843985
21050424,10843985
20941507,10843985
20931014,10843985
20847819,10843985
20798217,10843985
20660013,10843985
20581869,10843985
20510205,10843985
20459590,10843985
20453858,10843985
20362325,10843985
20219108,10843985
20173781,10843985
20164691,10843985
20164690,10843985
20107609,10843985
20029420,10843985
20008842,10843985
19875294,10843985
19808958,10843985
19671671,10843985
19654294,10843985
19602291,10843985
19534534,10843985
19519404,10843985
19473884,10843985
19458043,10843985
19415121,10843985
19372558,10843985
19088202,10843985
18953404,10843985
18451150,10843985
18413725,10843985
18264087,10843985
18219312,10843985
18182985,10843985
18036997,10843985
17663798,10843985
17626183,10843985
17379580,10843985
16714450,10843985
15685237,10843985
14701743,10843985
14680495,10843985
14560035,10843985
12917330,10843985
12832489,10843985
12698198,10843985
12488590,10843985
12202770,10843985
11756561,10843985
11597317,10843985
11459983,10843985
11459980,10843985
11359908,10843985
30179224,11100717
29755871,11100717
29312738,11100717
28945747,11100717
28911102,11100717
28706734,11100717
28630313,11100717
28435291,11100717
28264838,11100717
28058814,11100717
27832076,11100717
27753535,11100717
27136113,11100717
26943589,11100717
26822887,11100717
26753012,11100717
26568913,11100717
26489468,11100717
26309417,11100717
26156012,11100717
26021514,11100717
25548681,11100717
25429241,11100717
25400221,11100717
25337559,11100717
25256924,11100717
25252691,11100717
25220415,11100717
25207935,11100717
25136623,11100717
24776801,11100717
24478985,11100717
24091731,11100717
24080249,11100717
23994874,11100717
23826138,11100717
23706288,11100717
23680151,11100717
23644885,11100717
23630459,11100717
23438604,11100717
23411475,11100717
23354477,11100717
23337117,11100717
23055523,11100717
22977638,11100717
22836122,11100717
22753008,11100717
22737296,11100717
22186889,11100717
22167183,11100717
22137763,11100717
22045356,11100717
22039535,11100717
22034420,11100717
21996371,11100717
21993507,11100717
21987798,11100717
21836819,11100717
21805697,11100717
21459848,11100717
21409565,11100717
21408059,11100717
21406551,11100717
21345144,11100717
21336636,11100717
21296653,11100717
21194536,11100717
21113239,11100717
21113097,11100717
20952512,11100717
20703100,11100717
20516115,11100717
20510205,11100717
20496165,11100717
20459590,11100717
20436685,11100717
20398395,11100717
20305393,11100717
20233482,11100717
20228131,11100717
20171279,11100717
20098673,11100717
19948475,11100717
19885846,11100717
19779484,11100717
19772495,11100717
19746182,11100717
19690636,11100717
19525936,11100717
19519295,11100717
19470754,11100717
19440381,11100717
19276285,11100717
19268590,11100717
19119312,11100717
19015238,11100717
18925859,11100717
18794134,11100717
18757409,11100717
18551366,11100717
18550271,11100717
18546622,11100717
18473727,11100717
18443409,11100717
18443292,11100717
18369654,11100717
18026119,11100717
17972177,11100717
17626182,11100717
17505536,11100717
17379580,11100717
17288986,11100717
17018160,11100717
16980402,11100717
16978908,11100717
16846527,11100717
16628214,11100717
16415210,11100717
16391231,11100717
15838521,11100717
15793277,11100717
15689940,11100717
15657438,11100717
15650050,11100717
15610743,11100717
15601828,11100717
15590323,11100717
15485915,11100717
15340083,11100717
15331604,11100717
15199145,11100717
15131084,11100717
15065664,11100717
15014444,11100717
14729816,11100717
14701743,11100717
14688275,11100717
14681210,11100717
14633957,11100717
14597413,11100717
14560035,11100717
14517203,11100717
12832489,11100717
12727893,11100717
12640109,11100717
12533509,11100717
12093742,11100717
12080089,11100717
12032322,11100717
12024039,11100717
11739404,11100717
11358863,11100717
11320250,11100717
11313470,11100717
29997716,11179017
29977351,11179017
29925418,11179017
29721474,11179017
29662617,11179017
29506471,11179017
29466291,11179017
29368425,11179017
29344267,11179017
29228641,11179017
29081841,11179017
29053726,11179017
28894848,11179017
28794804,11179017
28657222,11179017
28639753,11179017
28628421,11179017
28546758,11179017
28443200,11179017
28373819,11179017
28257597,11179017
28250960,11179017
28184293,11179017
28008555,11179017
27899195,11179017
27755534,11179017
27746277,11179017
27634150,11179017
27514841,11179017
27382614,11179017
27231565,11179017
27197267,11179017
27167707,11179017
27102249,11179017
27066510,11179017
27004793,11179017
26848776,11179017
26834851,11179017
26779294,11179017
26689913,11179017
26669452,11179017
26641009,11179017
26568913,11179017
26511885,11179017
26496879,11179017
26236408,11179017
26153499,11179017
26150446,11179017
25933682,11179017
25927284,11179017
25591549,11179017
25483746,11179017
25482078,11179017
25371887,11179017
25366421,11179017
25337559,11179017
25192939,11179017
25136623,11179017
25111073,11179017
25066213,11179017
24910640,11179017
24887442,11179017
24844596,11179017
24603706,11179017
24592941,11179017
24478985,11179017
24382715,11179017
24349831,11179017
24312913,11179017
24292448,11179017
24071869,11179017
24052749,11179017
23873849,11179017
23820649,11179017
23800680,11179017
23788959,11179017
23748177,11179017
23748176,11179017
23677535,11179017
23528888,11179017
23504063,11179017
23415752,11179017
23390372,11179017
23339562,11179017
23262210,11179017
23213100,11179017
23187834,11179017
23155266,11179017
23071447,11179017
23057551,11179017
23047549,11179017
23039163,11179017
23037493,11179017
22790858,11179017
22782891,11179017
22762150,11179017
22661305,11179017
22579790,11179017
22520984,11179017
22430266,11179017
22429596,11179017
22388872,11179017
22244659,11179017
22187038,11179017
22139894,11179017
21945552,11179017
21855118,11179017
21816897,11179017
21709188,11179017
21708937,11179017
21656744,11179017
21654687,11179017
21559243,11179017
21470549,11179017
21246292,11179017
21123638,11179017
21118967,11179017
20843305,11179017
20665887,11179017
20619389,11179017
20606085,11179017
20410767,11179017
20135344,11179017
20046879,11179017
20028858,11179017
19935797,11179017
19876733,11179017
19843326,11179017
19804604,11179017
19700937,11179017
19656415,11179017
19500386,11179017
19423517,11179017
19383376,11179017
19383375,11179017
19338682,11179017
19174581,11179017
19102775,11179017
19047089,11179017
18708369,11179017
18687797,11179017
18684498,11179017
18581287,11179017
18575953,11179017
18474296,11179017
18418465,11179017
18413725,11179017
18405947,11179017
18294373,11179017
18268124,11179017
18208621,11179017
18182601,11179017
18046629,11179017
18030340,11179017
17940634,11179017
17683622,11179017
17585057,11179017
17456833,11179017
17307836,11179017
17160431,11179017
17139290,11179017
17018815,11179017
16905680,11179017
16417652,11179017
16369438,11179017
15583691,11179017
15477862,11179017
15381934,11179017
15353005,11179017
15175180,11179017
15138471,11179017
15026808,11179017
14735197,11179017
14613551,11179017
12698193,11179017
12677558,11179017
12373604,11179017
12181777,11179017
11739404,11179017
29650789,11207349
29643987,11207349
29588416,11207349
29403952,11207349
29341157,11207349
29293876,11207349
29108258,11207349
29093680,11207349
29088275,11207349
29056863,11207349
28938546,11207349
28851423,11207349
28494179,11207349
28331847,11207349
28220055,11207349
28181547,11207349
27708239,11207349
27454166,11207349
27398268,11207349
27177292,11207349
27129152,11207349
26969729,11207349
26881472,11207349
26843789,11207349
26643130,11207349
26564481,11207349
26538066,11207349
26438025,11207349
26061043,11207349
25954328,11207349
25937946,11207349
25937940,11207349
25923423,11207349
25910040,11207349
25893005,11207349
25881604,11207349
25866553,11207349
25722745,11207349
25717394,11207349
25664052,11207349
25403427,11207349
25368521,11207349
25177489,11207349
25140319,11207349
25000943,11207349
24648925,11207349
24556685,11207349
24479546,11207349
24235132,11207349
24098497,11207349
24086418,11207349
24040155,11207349
23762267,11207349
23745148,11207349
23704984,11207349
23602905,11207349
23565194,11207349
23467771,11207349
23299436,11207349
23284877,11207349
23281681,11207349
23199086,11207349
23069641,11207349
23064520,11207349
22779051,11207349
22735547,11207349
22720696,11207349
22709790,11207349
22701724,11207349
22608084,11207349
22494847,11207349
22392042,11207349
22306912,11207349
22240105,11207349
22135625,11207349
22132775,11207349
22032731,11207349
21958427,11207349
21900106,11207349
21853537,11207349
21849016,11207349
21798039,11207349
21532837,11207349
21425134,11207349
21347333,11207349
21336636,11207349
21209966,11207349
21189224,11207349
21188173,11207349
21172086,11207349
21127725,11207349
21099359,11207349
21069385,11207349
21031583,11207349
20890307,11207349
20842223,11207349
20840765,11207349
20725638,11207349
20694043,11207349
20643375,11207349
20542480,11207349
20519498,11207349
20466604,11207349
20396558,11207349
20368836,11207349
20230646,11207349
20223001,11207349
20174566,11207349
20165560,11207349
20094772,11207349
20085797,11207349
20080512,11207349
20051372,11207349
19995439,11207349
19995430,11207349
19955085,11207349
19946373,11207349
19933158,11207349
19914252,11207349
19826428,11207349
19802362,11207349
19773543,11207349
19695104,11207349
19654405,11207349
19654171,11207349
19558706,11207349
19538727,11207349
19455256,11207349
19440447,11207349
19383376,11207349
19352458,11207349
19349484,11207349
19308665,11207349
19308289,11207349
19291295,11207349
19272192,11207349
19251665,11207349
19226664,11207349
19223972,11207349
19192285,11207349
19187562,11207349
19124506,11207349
19079753,11207349
19016568,11207349
18951447,11207349
18831793,11207349
18815365,11207349
18776155,11207349
18715778,11207349
18645624,11207349
18628875,11207349
18563556,11207349
18497862,11207349
18427120,11207349
18404217,11207349
18268356,11207349
18245851,11207349
18089626,11207349
18081427,11207349
18061842,11207349
17912341,11207349
17909350,11207349
17907813,11207349
17907809,11207349
17625512,11207349
17618862,11207349
17603882,11207349
17519006,11207349
17478174,11207349
17460773,11207349
17428335,11207349
17408499,11207349
17389037,11207349
17335588,11207349
17328811,11207349
17257426,11207349
17217518,11207349
17202170,11207349
17074082,11207349
17047656,11207349
17044933,11207349
16895590,11207349
16849266,11207349
16846527,11207349
16823962,11207349
16813654,11207349
16780582,11207349
16685647,11207349
16575876,11207349
16549873,11207349
16475030,11207349
16437709,11207349
16381943,11207349
16280042,11207349
16207359,11207349
16207355,11207349
16187409,11207349
16179643,11207349
16142231,11207349
16141318,11207349
16120216,11207349
16076401,11207349
16046822,11207349
16018805,11207349
15987438,11207349
15826317,11207349
15781863,11207349
15714204,11207349
15642173,11207349
15640445,11207349
15601541,11207349
15504239,11207349
15383145,11207349
15355552,11207349
15350197,11207349
15307894,11207349
15287965,11207349
15180908,11207349
15173114,11207349
15151703,11207349
15094809,11207349
15035667,11207349
15018646,11207349
14751997,11207349
14729816,11207349
14710226,11207349
14695313,11207349
14693813,11207349
14668450,11207349
14609432,11207349
14580250,11207349
14500907,11207349
12925757,11207349
12920061,11207349
12888502,11207349
12883005,11207349
12876208,11207349
12876206,11207349
12829800,11207349
12771224,11207349
12698198,11207349
12610208,11207349
12582259,11207349
12445333,11207349
12438650,11207349
12368196,11207349
12356337,11207349
12354934,11207349
12186655,11207349
12163391,11207349
12105272,11207349
12049658,11207349
12011455,11207349
12011421,11207349
11983918,11207349
11953855,11207349
11842123,11207349
11826185,11207349
11752463,11207349
11742071,11207349
11707590,11207349
11691853,11207349
11597324,11207349
11562467,11207349
11553815,11207349
11493696,11207349
11385503,11207349
11381113,11207349
30345412,11239455
30297739,11239455
30250272,11239455
30219179,11239455
30090744,11239455
30018062,11239455
29911109,11239455
29867226,11239455
29767749,11239455
29748622,11239455
29690565,11239455
29606854,11239455
29599286,11239455
29541174,11239455
29522538,11239455
29506128,11239455
29497044,11239455
29483142,11239455
29191972,11239455
29175904,11239455
29133916,11239455
29069866,11239455
29021281,11239455
28963981,11239455
28961279,11239455
28814288,11239455
28711786,11239455
28687761,11239455
28676659,11239455
28630313,11239455
28617445,11239455
28574821,11239455
28546758,11239455
28469042,11239455
28450425,11239455
28302823,11239455
28222073,11239455
28087643,11239455
28078281,11239455
28069943,11239455
27941124,11239455
27923995,11239455
27870251,11239455
27779185,11239455
27760317,11239455
27747088,11239455
27642590,11239455
27630665,11239455
27493913,11239455
27443740,11239455
27428646,11239455
27264184,11239455
27261202,11239455
27259208,11239455
27131361,11239455
27037238,11239455
27001513,11239455
26873719,11239455
26871286,11239455
26727879,11239455
26720728,11239455
26637267,11239455
26489468,11239455
26380221,11239455
26309417,11239455
26194820,11239455
26125600,11239455
25960722,11239455
25928813,11239455
25836596,11239455
25833843,11239455
25826455,11239455
25773776,11239455
25742493,11239455
25524463,11239455
25352972,11239455
25337581,11239455
25301930,11239455
25282148,11239455
25025963,11239455
24998779,11239455
24981601,11239455
24966870,11239455
24826054,11239455
24591564,11239455
24495954,11239455
24397478,11239455
24389207,11239455
24387338,11239455
24348212,11239455
24323938,11239455
24320053,11239455
24281179,11239455
24268522,11239455
24244370,11239455
24141787,11239455
24097900,11239455
24013206,11239455
24013173,11239455
23833673,11239455
23712866,11239455
23712259,11239455
23598277,11239455
23589568,11239455
23509290,11239455
23443494,11239455
23326577,11239455
23208375,11239455
23161852,11239455
23108138,11239455
23100628,11239455
22836122,11239455
22751496,11239455
22635276,11239455
22629260,11239455
22593209,11239455
22464251,11239455
22312502,11239455
22194698,11239455
22193408,11239455
22187435,11239455
22167183,11239455
22084686,11239455
22022613,11239455
21998700,11239455
21993421,11239455
21990299,11239455
21789034,11239455
21779174,11239455
21750719,11239455
21731065,11239455
21716659,11239455
21709188,11239455
21660700,11239455
21633706,11239455
21632523,11239455
21599536,11239455
21576230,11239455
21565612,11239455
21527828,11239455
21514447,11239455
21385444,11239455
21321378,11239455
21296653,11239455
21293379,11239455
21289082,11239455
21205087,11239455
21199651,11239455
21052706,11239455
20976249,11239455
20952512,11239455
20871616,11239455
20858840,11239455
20843305,11239455
20807115,11239455
20729859,11239455
20729832,11239455
20713514,11239455
20697770,11239455
20691183,11239455
20660013,11239455
20631063,11239455
20543987,11239455
20510205,11239455
20489199,11239455
20457012,11239455
20373286,11239455
20299221,11239455
20233482,11239455
20177395,11239455
20173781,11239455
20103620,11239455
20028873,11239455
20008842,11239455
19875419,11239455
19834534,11239455
19808958,11239455
19779458,11239455
19774700,11239455
19717351,11239455
19654294,11239455
19628690,11239455
19584259,11239455
19553677,11239455
19549900,11239455
19442242,11239455
19427003,11239455
19338310,11239455
19303847,11239455
19268590,11239455
19244311,11239455
19200054,11239455
19101576,11239455
19088202,11239455
19052325,11239455
19043071,11239455
18951449,11239455
18597679,11239455
18593900,11239455
18458103,11239455
18451181,11239455
18451142,11239455
18413725,11239455
18369654,11239455
18285820,11239455
18284688,11239455
18266476,11239455
18264087,11239455
18047734,11239455
17947333,11239455
17945002,11239455
17940634,11239455
17660539,11239455
17627904,11239455
17541404,11239455
17525340,11239455
17515903,11239455
17452982,11239455
17379580,11239455
16978908,11239455
16951081,11239455
16923963,11239455
16893675,11239455
16882718,11239455
16810316,11239455
16738325,11239455
16731627,11239455
16581784,11239455
16513631,11239455
16417627,11239455
16177181,11239455
15930293,11239455
15798199,11239455
15767662,11239455
15767282,11239455
15713648,11239455
15657438,11239455
15650050,11239455
15485900,11239455
15314155,11239455
15297876,11239455
15277238,11239455
15199141,11239455
15198978,11239455
15065660,11239455
14673148,11239455
14609959,11239455
14560035,11239455
12893777,11239455
12805232,11239455
12750464,11239455
12509470,11239455
12488588,11239455
12488587,11239455
12456786,11239455
12087154,11239455
11917116,11239455
11879553,11239455
11850397,11239455
11756561,11239455
11751636,11239455
11597317,11239455
11574483,11239455
11532935,11239455
11447276,11239455
11387040,11239455
30297419,11239456
30275858,11239456
30090376,11239456
30018062,11239456
29636371,11239456
29568320,11239456
29548335,11239456
29545922,11239456
29480828,11239456
29416040,11239456
29309696,11239456
29240257,11239456
28963981,11239456
28698361,11239456
28630313,11239456
28546758,11239456
28211448,11239456
28174598,11239456
27819275,11239456
27725183,11239456
27677401,11239456
27649245,11239456
27596592,11239456
27493913,11239456
27279728,11239456
27224545,11239456
27199954,11239456
27131790,11239456
27084934,11239456
27001513,11239456
26992456,11239456
26959739,11239456
26610585,11239456
26501335,11239456
26489468,11239456
26382920,11239456
26140185,11239456
26039553,11239456
25938495,11239456
25927241,11239456
25833843,11239456
25712090,11239456
25690937,11239456
25647331,11239456
25488918,11239456
25352972,11239456
25337721,11239456
25301930,11239456
25282148,11239456
25256924,11239456
25218467,11239456
24981601,11239456
24901438,11239456
24847939,11239456
24788697,11239456
24701133,11239456
24616504,11239456
24600040,11239456
24554921,11239456
24336406,11239456
24223453,11239456
24141787,11239456
24105793,11239456
24013206,11239456
23935068,11239456
23833673,11239456
23589568,11239456
23341130,11239456
23316441,11239456
23231413,11239456
23222131,11239456
23180766,11239456
22941656,11239456
22645136,11239456
22505581,11239456
22194698,11239456
22157755,11239456
22084686,11239456
21990299,11239456
21741379,11239456
21708019,11239456
21599536,11239456
21573016,11239456
21565612,11239456
21546556,11239456
21527828,11239456
21406551,11239456
21335604,11239456
21166902,11239456
21113301,11239456
21052706,11239456
20976249,11239456
20871615,11239456
20798837,11239456
20729859,11239456
20729832,11239456
20690856,11239456
20684611,11239456
20513136,11239456
20489199,11239456
20413593,11239456
20403813,11239456
20299221,11239456
20233726,11239456
20233482,11239456
20223018,11239456
19919104,11239456
19875419,11239456
19838057,11239456
19808958,11239456
19783859,11239456
19628690,11239456
19584259,11239456
19540850,11239456
19540122,11239456
19535303,11239456
19451272,11239456
19336413,11239456
19329439,11239456
19303847,11239456
19273072,11239456
19245833,11239456
19182269,11239456
19043071,11239456
18951449,11239456
18940471,11239456
18758156,11239456
18597679,11239456
18593900,11239456
18587272,11239456
18584027,11239456
18571479,11239456
18542066,11239456
18451181,11239456
18448394,11239456
18439040,11239456
18430140,11239456
18284688,11239456
18283110,11239456
18266476,11239456
18179693,11239456
18174332,11239456
18047734,11239456
18042714,11239456
17940634,11239456
17700570,11239456
17515903,11239456
17483448,11239456
17420278,11239456
17379580,11239456
17261595,11239456
16978908,11239456
16914443,11239456
16738325,11239456
16731627,11239456
16513631,11239456
16417627,11239456
16415210,11239456
16382157,11239456
16382135,11239456
15937124,11239456
15899844,11239456
15798199,11239456
15767662,11239456
15601828,11239456
15485900,11239456
15314155,11239456
15297876,11239456
15290653,11239456
15199141,11239456
15198978,11239456
15138485,11239456
15065660,11239456
14676312,11239456
14559999,11239456
12941707,11239456
12893777,11239456
12861027,11239456
12724401,11239456
12032095,11239456
11953322,11239456
11879553,11239456
11756561,11239456
11751635,11239456
11597317,11239456
11574483,11239456
11532935,11239456
11459987,11239456
11459983,11239456
11447276,11239456
11387040,11239456
30344717,11242102
30310068,11242102
30271425,11242102
30254262,11242102
30250201,11242102
30197789,11242102
30159412,11242102
30123777,11242102
30045759,11242102
29949994,11242102
29928356,11242102
29925418,11242102
29856131,11242102
29855474,11242102
29769340,11242102
29731842,11242102
29721206,11242102
29651407,11242102
29584802,11242102
29563987,11242102
29549248,11242102
29520259,11242102
29433451,11242102
29432179,11242102
29403037,11242102
29383107,11242102
29382762,11242102
29239146,11242102
29227281,11242102
29209906,11242102
29184099,11242102
29181194,11242102
29161447,11242102
29156695,11242102
29156644,11242102
29099865,11242102
29038438,11242102
28977583,11242102
28973009,11242102
28969073,11242102
28915585,11242102
28847819,11242102
28722656,11242102
28689995,11242102
28652322,11242102
28634376,11242102
28626800,11242102
28604764,11242102
28590415,11242102
28544661,11242102
28536297,11242102
28532625,11242102
28423619,11242102
28421111,11242102
28415827,11242102
28386063,11242102
28377578,11242102
28289428,11242102
28260023,11242102
28251140,11242102
28250806,11242102
28249796,11242102
28202543,11242102
28182125,11242102
28169375,11242102
28101326,11242102
28058462,11242102
28040742,11242102
27973455,11242102
27900051,11242102
27845421,11242102
27815389,11242102
27806059,11242102
27753535,11242102
27673354,11242102
27601585,11242102
27588488,11242102
27551965,11242102
27550664,11242102
27542204,11242102
27494840,11242102
27465688,11242102
27446805,11242102
27402537,11242102
27391345,11242102
27362509,11242102
27342554,11242102
27326395,11242102
27314941,11242102
27297111,11242102
27270457,11242102
27143955,11242102
27095947,11242102
27022037,11242102
27019283,11242102
27015555,11242102
27015367,11242102
27006338,11242102
26998221,11242102
26966913,11242102
26945232,11242102
26931795,11242102
26878912,11242102
26841871,11242102
26834486,11242102
26773053,11242102
26767006,11242102
26697410,11242102
26683461,11242102
26658019,11242102
26609070,11242102
26579543,11242102
26557995,11242102
26526682,11242102
26468441,11242102
26385365,11242102
26383678,11242102
26350293,11242102
26342102,11242102
26333361,11242102
26316936,11242102
26300228,11242102
26238124,11242102
26195156,11242102
26186548,11242102
26162908,11242102
26150686,11242102
26100352,11242102
26079711,11242102
26067273,11242102
26041979,11242102
26035306,11242102
26017978,11242102
25987855,11242102
25973083,11242102
25947322,11242102
25932214,11242102
25902193,11242102
25859257,11242102
25853132,11242102
25828893,11242102
25761216,11242102
25741600,11242102
25735744,11242102
25717476,11242102
25705582,11242102
25692096,11242102
25661488,11242102
25652794,11242102
25650663,11242102
25586219,11242102
25569081,11242102
25521701,11242102
25483054,11242102
25395584,11242102
25373736,11242102
25368522,11242102
25368520,11242102
25354556,11242102
25314918,11242102
25307264,11242102
25277244,11242102
25220415,11242102
25210033,11242102
25194926,11242102
25179264,11242102
25170678,11242102
25122754,11242102
25093845,11242102
25008009,11242102
24956286,11242102
24947324,11242102
24912678,11242102
24910538,11242102
24904606,11242102
24889240,11242102
24887359,11242102
24859341,11242102
24841373,11242102
24792170,11242102
24769080,11242102
24763056,11242102
24747175,11242102
24693037,11242102
24692190,11242102
24672010,11242102
24667764,11242102
24651653,11242102
24646375,11242102
24632607,11242102
24621646,11242102
24573252,11242102
24564762,11242102
24563357,11242102
24505404,11242102
24498068,11242102
24475258,11242102
24465002,11242102
24440048,11242102
24420907,11242102
24418519,11242102
24378750,11242102
24376696,11242102
24369695,11242102
24366315,11242102
24349080,11242102
24338765,11242102
24327542,11242102
24312182,11242102
24291234,11242102
24278741,11242102
24202328,11242102
24137007,11242102
24124995,11242102
24100274,11242102
24082819,11242102
24080249,11242102
24071852,11242102
24040396,11242102
24025432,11242102
24003649,11242102
24000320,11242102
23989060,11242102
23977391,11242102
23974097,11242102
23941728,11242102
23928451,11242102
23924833,11242102
23904462,11242102
23824136,11242102
23811932,11242102
23745766,11242102
23729884,11242102
23728291,11242102
23720673,11242102
23707303,11242102
23705030,11242102
23663450,11242102
23618492,11242102
23610416,11242102
23577291,11242102
23548139,11242102
23496831,11242102
23468639,11242102
23437280,11242102
23418564,11242102
23358251,11242102
23344954,11242102
23322783,11242102
23319983,11242102
23302228,11242102
23300655,11242102
23284289,11242102
23249749,11242102
23209746,11242102
23145148,11242102
23139272,11242102
23095635,11242102
23071463,11242102
23045526,11242102
23022358,11242102
22979979,11242102
22934142,11242102
22927776,11242102
22913836,11242102
22906755,11242102
22899653,11242102
22867945,11242102
22848752,11242102
22753261,11242102
22751501,11242102
22725639,11242102
22684505,11242102
22646717,11242102
22583656,11242102
22569363,11242102
22431734,11242102
22410779,11242102
22388e3,11242102
22384045,11242102
22355784,11242102
22334513,11242102
22331358,11242102
22303228,11242102
22265216,11242102
22111699,11242102
22064858,11242102
22022560,11242102
21993670,11242102
21980462,11242102
21979466,11242102
21962002,11242102
21927617,11242102
21918620,11242102
21912525,11242102
21875370,11242102
21844338,11242102
21750527,11242102
21749859,11242102
21747117,11242102
21740187,11242102
21722985,11242102
21718709,11242102
21654209,11242102
21632523,11242102
21612598,11242102
21603316,11242102
21575261,11242102
21546556,11242102
21512314,11242102
21511873,11242102
21437275,11242102
21393386,11242102
21296653,11242102
21296624,11242102
21290468,11242102
21261999,11242102
21219611,11242102
21175352,11242102
21135055,11242102
21075794,11242102
21075512,11242102
21037856,11242102
21035407,11242102
20952512,11242102
20864035,11242102
20862368,11242102
20824055,11242102
20805320,11242102
20802511,11242102
20706767,11242102
20699221,11242102
20697770,11242102
20668524,11242102
20619549,11242102
20608971,11242102
20579983,11242102
20543558,11242102
20537148,11242102
20515744,11242102
20514355,11242102
20512659,11242102
20510205,11242102
20507342,11242102
20495614,11242102
20478923,11242102
20445776,11242102
20420946,11242102
20368837,11242102
20356374,11242102
20233482,11242102
20231360,11242102
20126263,11242102
20111042,11242102
20060491,11242102
20060490,11242102
19996108,11242102
19918320,11242102
19892829,11242102
19847258,11242102
19820454,11242102
19820166,11242102
19795481,11242102
19794960,11242102
19759395,11242102
19755857,11242102
19700769,11242102
19652551,11242102
19651902,11242102
19629071,11242102
19628630,11242102
19615770,11242102
19606890,11242102
19605351,11242102
19563125,11242102
19549901,11242102
19544417,11242102
19528229,11242102
19473884,11242102
19451691,11242102
19442242,11242102
19425167,11242102
19412436,11242102
19339515,11242102
19327367,11242102
19327040,11242102
19308707,11242102
19273072,11242102
19244311,11242102
19214211,11242102
19176521,11242102
19151086,11242102
19098005,11242102
19092802,11242102
19057669,11242102
19056039,11242102
19010885,11242102
18957425,11242102
18923075,11242102
18845680,11242102
18836995,11242102
18809569,11242102
18772227,11242102
18723495,11242102
18710941,11242102
18647995,11242102
18634905,11242102
18607349,11242102
18585101,11242102
18584027,11242102
18551366,11242102
18541670,11242102
18541667,11242102
18498130,11242102
18478111,11242102
18457328,11242102
18426916,11242102
18397884,11242102
18385154,11242102
18356148,11242102
18313386,11242102
18250087,11242102
18245343,11242102
18218118,11242102
18161924,11242102
18046455,11242102
18033323,11242102
18026119,11242102
18023605,11242102
17986315,11242102
17979628,11242102
17948054,11242102
17855626,11242102
17851762,11242102
17762868,11242102
17724078,11242102
17705814,11242102
17689491,11242102
17686666,11242102
17594496,11242102
17591703,11242102
17565964,11242102
17491589,11242102
17486118,11242102
17366825,11242102
17353272,11242102
17242356,11242102
17178837,11242102
17174478,11242102
17157028,11242102
17088286,11242102
17082765,11242102
17041215,11242102
16951256,11242102
16940182,11242102
16880786,11242102
16762046,11242102
16759382,11242102
16636135,11242102
16556909,11242102
16540687,11242102
16497868,11242102
16488990,11242102
16449653,11242102
16432240,11242102
16425368,11242102
16417649,11242102
16330708,11242102
16291645,11242102
16284271,11242102
16091150,11242102
16091149,11242102
16055714,11242102
16024805,11242102
15923642,11242102
15914672,11242102
15798199,11242102
15781695,11242102
15687264,11242102
15611176,11242102
15545322,11242102
15542845,11242102
15536124,11242102
15514023,11242102
15456866,11242102
15217508,11242102
15184655,11242102
15159415,11242102
15146062,11242102
15138484,11242102
15105825,11242102
15054444,11242102
14711989,11242102
14701743,11242102
14668484,11242102
14654698,11242102
14612396,11242102
14559999,11242102
14517299,11242102
14500812,11242102
12970909,11242102
12941707,11242102
12909717,11242102
12908878,11242102
12897131,11242102
12875964,11242102
12861027,11242102
12773567,11242102
12750463,11242102
12743297,11242102
12732713,11242102
12663541,11242102
12615949,11242102
12589063,11242102
12582233,11242102
12554671,11242102
12533788,11242102
12509526,11242102
12507917,11242102
12488588,11242102
12473176,11242102
12461083,11242102
12242235,11242102
12202754,11242102
12196391,11242102
12110601,11242102
12087170,11242102
12082545,11242102
12024032,11242102
11972346,11242102
11917116,11242102
11877378,11242102
11861900,11242102
11850399,11242102
11788727,11242102
11782437,11242102
11532935,11242102
11504867,11242102
29679802,11516927
29568320,11516927
29234069,11516927
29112132,11516927
29046282,11516927
28706634,11516927
28524082,11516927
28490629,11516927
27978798,11516927
27799325,11516927
27587838,11516927
27573016,11516927
27513445,11516927
27443291,11516927
27427477,11516927
27350828,11516927
27242893,11516927
27094386,11516927
26930481,11516927
26886024,11516927
26855780,11516927
26833244,11516927
26400161,11516927
26384430,11516927
26245485,11516927
25950582,11516927
25799182,11516927
25795124,11516927
25659114,11516927
25567288,11516927
25501593,11516927
25400221,11516927
25368520,11516927
25325076,11516927
25209404,11516927
24995306,11516927
24891441,11516927
24840115,11516927
24583581,11516927
24443534,11516927
24170812,11516927
24005565,11516927
23840905,11516927
23789926,11516927
23642018,11516927
23598974,11516927
23219605,11516927
23133806,11516927
23020514,11516927
22936396,11516927
22933559,11516927
22912599,11516927
22895051,11516927
22709253,11516927
22692201,11516927
22686427,11516927
22609620,11516927
22378607,11516927
22345984,11516927
22101340,11516927
22051193,11516927
22035519,11516927
22006019,11516927
21958350,11516927
21948210,11516927
21896658,11516927
21814285,11516927
21372322,11516927
21113301,11516927
20952512,11516927
20807115,11516927
20725618,11516927
20714665,11516927
20708636,11516927
20658650,11516927
20658646,11516927
20658645,11516927
20647419,11516927
20536192,11516927
20518497,11516927
20518486,11516927
20453097,11516927
20373772,11516927
20196133,11516927
20173781,11516927
20067226,11516927
20039786,11516927
20028736,11516927
20000382,11516927
19908865,11516927
19835330,11516927
19834534,11516927
19763158,11516927
19748363,11516927
19726585,11516927
19713438,11516927
19686080,11516927
19684342,11516927
19549833,11516927
19468048,11516927
19452447,11516927
19406929,11516927
19403702,11516927
19327579,11516927
19258314,11516927
19164551,11516927
19147494,11516927
19129219,11516927
19027772,11516927
19014472,11516927
18947205,11516927
18929140,11516927
18805090,11516927
18758156,11516927
18672388,11516927
18571479,11516927
18538374,11516927
18537208,11516927
18332048,11516927
18310306,11516927
18174376,11516927
18166982,11516927
18083760,11516927
18068156,11516927
18047734,11516927
18007596,11516927
17921313,11516927
17715144,11516927
17669695,11516927
17611606,11516927
17567608,11516927
17496087,11516927
17291544,11516927
17042508,11516927
17036055,11516927
16945959,11516927
16855250,11516927
16714450,11516927
16678501,11516927
16482220,11516927
16464006,11516927
16402835,11516927
16382135,11516927
16169964,11516927
16121259,11516927
16107704,11516927
16093548,11516927
15944449,11516927
15914671,11516927
15908599,11516927
15891767,11516927
15802532,11516927
15743825,11516927
15692571,11516927
15572677,11516927
15448639,11516927
15199134,11516927
14988723,11516927
14701743,11516927
14673148,11516927
14609959,11516927
14576298,11516927
12861027,11516927
12808110,11516927
12799441,11516927
12374756,11516927
12177301,11516927
12000837,11516927
11953322,11516927
11861915,11516927
11707424,11516927
30332632,11694875
30323292,11694875
30301786,11694875
30222135,11694875
30158566,11694875
30082886,11694875
30080177,11694875
29990309,11694875
29924804,11694875
29875149,11694875
29872503,11694875
29802307,11694875
29760048,11694875
29743291,11694875
29739757,11694875
29718910,11694875
29617652,11694875
29610476,11694875
29610318,11694875
29416040,11694875
29397878,11694875
29364867,11694875
29334356,11694875
29317452,11694875
29316436,11694875
29313063,11694875
29233960,11694875
29152107,11694875
29133879,11694875
29100308,11694875
29047390,11694875
29021281,11694875
29021240,11694875
29017057,11694875
28963394,11694875
28922373,11694875
28904335,11694875
28860160,11694875
28827447,11694875
28808255,11694875
28790158,11694875
28783725,11694875
28714477,11694875
28673316,11694875
28553932,11694875
28530655,11694875
28522754,11694875
28504719,11694875
28475301,11694875
28463229,11694875
28415794,11694875
28381598,11694875
28342134,11694875
28318489,11694875
28181574,11694875
28148827,11694875
28118981,11694875
28094268,11694875
28031255,11694875
27991926,11694875
27889319,11694875
27882940,11694875
27815389,11694875
27815386,11694875
27803059,11694875
27799309,11694875
27797363,11694875
27769169,11694875
27751348,11694875
27728803,11694875
27664376,11694875
27663899,11694875
27561390,11694875
27558455,11694875
27550453,11694875
27499244,11694875
27498558,11694875
27490902,11694875
27479497,11694875
27459053,11694875
27453951,11694875
27443740,11694875
27401113,11694875
27354067,11694875
27352800,11694875
27322458,11694875
27317935,11694875
27181203,11694875
27169995,11694875
27091432,11694875
27087322,11694875
27037238,11694875
26989177,11694875
26988419,11694875
26984279,11694875
26980764,11694875
26959115,11694875
26920070,11694875
26919617,11694875
26910472,11694875
26910118,11694875
26909577,11694875
26877775,11694875
26876204,11694875
26853747,11694875
26787889,11694875
26745185,11694875
26740101,11694875
26738797,11694875
26578792,11694875
26544690,11694875
26537451,11694875
26528548,11694875
26489514,11694875
26450969,11694875
26390243,11694875
26367798,11694875
26359368,11694875
26320247,11694875
26255629,11694875
26178787,11694875
26159997,11694875
26155311,11694875
26123823,11694875
26100884,11694875
26044957,11694875
26001956,11694875
25983370,11694875
25875801,11694875
25833843,11694875
25829425,11694875
25822339,11694875
25802882,11694875
25789975,11694875
25779964,11694875
25761890,11694875
25745996,11694875
25690937,11694875
25666348,11694875
25659036,11694875
25644707,11694875
25636482,11694875
25622902,11694875
25608467,11694875
25596282,11694875
25584893,11694875
25574598,11694875
25565005,11694875
25538623,11694875
25533336,11694875
25524463,11694875
25490451,11694875
25483966,11694875
25349262,11694875
25349197,11694875
25326799,11694875
25295490,11694875
25263199,11694875
25217159,11694875
25203324,11694875
25197064,11694875
25180607,11694875
25176644,11694875
25147211,11694875
25113974,11694875
25071014,11694875
25036710,11694875
25030697,11694875
25024225,11694875
25012986,11694875
24959378,11694875
24847881,11694875
24784840,11694875
24748051,11694875
24740995,11694875
24726362,11694875
24705251,11694875
24692485,11694875
24642931,11694875
24626176,11694875
24598993,11694875
24586047,11694875
24567396,11694875
24489863,11694875
24469034,11694875
24444712,11694875
24422024,11694875
24401838,11694875
24381932,11694875
24332043,11694875
24323938,11694875
24307564,11694875
24292676,11694875
24274149,11694875
24268522,11694875
24260500,11694875
24229711,11694875
24225019,11694875
24162662,11694875
24154728,11694875
24131925,11694875
24124625,11694875
24058630,11694875
24036547,11694875
24019382,11694875
23937964,11694875
23873941,11694875
23873029,11694875
23873023,11694875
23857982,11694875
23845442,11694875
23772033,11694875
23719831,11694875
23699408,11694875
23690930,11694875
23657012,11694875
23650262,11694875
23606570,11694875
23583981,11694875
23565506,11694875
23558950,11694875
23554760,11694875
23523371,11694875
23509284,11694875
23499052,11694875
23478237,11694875
23382699,11694875
23382223,11694875
23352126,11694875
23303403,11694875
23285300,11694875
23271346,11694875
23268537,11694875
23230003,11694875
23188079,11694875
23173005,11694875
23097355,11694875
22992748,11694875
22992387,11694875
22951975,11694875
22925884,11694875
22891272,11694875
22876889,11694875
22871572,11694875
22820643,11694875
22772468,11694875
22759378,11694875
22708734,11694875
22698401,11694875
22678923,11694875
22666537,11694875
22609821,11694875
22582146,11694875
22545230,11694875
22515648,11694875
22493246,11694875
22473991,11694875
22427203,11694875
22351930,11694875
22315228,11694875
22307631,11694875
22294368,11694875
22291941,11694875
22266220,11694875
22213803,11694875
22193408,11694875
22187435,11694875
22157755,11694875
22072554,11694875
22071625,11694875
22068166,11694875
22030022,11694875
21952947,11694875
21898503,11694875
21829519,11694875
21784979,11694875
21778574,11694875
21764851,11694875
21718593,11694875
21704587,11694875
21703421,11694875
21685943,11694875
21665147,11694875
21646685,11694875
21646376,11694875
21566665,11694875
21558397,11694875
21512139,11694875
21507933,11694875
21504908,11694875
21502519,11694875
21502497,11694875
21471965,11694875
21455033,11694875
21436386,11694875
21429982,11694875
21397855,11694875
21383544,11694875
21343597,11694875
21309064,11694875
21282721,11694875
21242309,11694875
21215705,11694875
21205087,11694875
21199651,11694875
21191412,11694875
21150899,11694875
21130157,11694875
21079653,11694875
21076401,11694875
20975950,11694875
20947684,11694875
20942901,11694875
20940259,11694875
20864684,11694875
20858897,11694875
20855963,11694875
20805887,11694875
20735817,11694875
20719876,11694875
20713645,11694875
20697345,11694875
20686481,11694875
20679727,11694875
20676140,11694875
20630075,11694875
20595231,11694875
20585617,11694875
20502460,11694875
20453858,11694875
20421506,11694875
20406971,11694875
20395368,11694875
20385363,11694875
20234817,11694875
20124728,11694875
20097732,11694875
20046879,11694875
20046869,11694875
20040488,11694875
20018721,11694875
20008842,11694875
19952358,11694875
19887394,11694875
19878870,11694875
19847165,11694875
19843854,11694875
19781107,11694875
19779097,11694875
19774700,11694875
19767771,11694875
19729440,11694875
19709408,11694875
19570515,11694875
19561589,11694875
19501586,11694875
19450528,11694875
19448632,11694875
19429790,11694875
19285540,11694875
19213072,11694875
19197353,11694875
19176372,11694875
19169280,11694875
19136624,11694875
19106106,11694875
19064702,11694875
19047147,11694875
18971340,11694875
18948956,11694875
18808719,11694875
18781154,11694875
18697945,11694875
18692468,11694875
18677317,11694875
18627348,11694875
18587272,11694875
18583527,11694875
18559481,11694875
18424916,11694875
18423195,11694875
18413729,11694875
18402691,11694875
18310506,11694875
18285820,11694875
18230179,11694875
18187509,11694875
18089787,11694875
17954912,11694875
17940634,11694875
17940019,11694875
17699762,11694875
17699601,11694875
17626183,11694875
17626182,11694875
17607363,11694875
17512415,11694875
17476307,11694875
17372229,11694875
17360553,11694875
17002498,11694875
16982732,11694875
15674344,11694875
15489287,11694875
14744934,11694875
14707179,11694875
14680483,11694875
12533792,11694875
12473168,11694875
12427868,11694875
12052252,11694875
30344568,11832208
30275858,11832208
30250272,11832208
30235328,11832208
30179224,11832208
30176860,11832208
30116283,11832208
30112437,11832208
30090744,11832208
30001383,11832208
29938573,11832208
29860504,11832208
29854283,11832208
29765774,11832208
29717121,11832208
29659587,11832208
29492227,11832208
29478268,11832208
29327913,11832208
29321957,11832208
29309945,11832208
29286157,11832208
29254387,11832208
29240257,11832208
29147345,11832208
28970854,11832208
28945747,11832208
28938488,11832208
28831696,11832208
28649662,11832208
28630313,11832208
28569220,11832208
28502988,11832208
28487467,11832208
28476184,11832208
28449691,11832208
28442756,11832208
28415827,11832208
28415599,11832208
28359295,11832208
28323334,11832208
28256598,11832208
28222073,11832208
28180300,11832208
28163741,11832208
28099906,11832208
28049253,11832208
28025559,11832208
27909985,11832208
27832076,11832208
27815389,11832208
27753535,11832208
27630665,11832208
27560145,11832208
27514841,11832208
27362509,11832208
27284266,11832208
27272763,11832208
27256873,11832208
27242959,11832208
27229859,11832208
27136113,11832208
27107135,11832208
27088617,11832208
27060914,11832208
27004793,11832208
26992853,11832208
26992456,11832208
26987529,11832208
26910887,11832208
26885691,11832208
26848770,11832208
26817825,11832208
26800494,11832208
26783066,11832208
26669452,11832208
26643130,11832208
26568913,11832208
26557882,11832208
26557407,11832208
26489468,11832208
26467044,11832208
26399274,11832208
26378051,11832208
26355395,11832208
26301634,11832208
26224004,11832208
26106135,11832208
26079304,11832208
26028963,11832208
25868856,11832208
25695063,11832208
25650659,11832208
25594033,11832208
25587053,11832208
25524463,11832208
25512560,11832208
25400221,11832208
25348552,11832208
25337581,11832208
25284786,11832208
25282148,11832208
25252691,11832208
25234469,11832208
25216266,11832208
25166505,11832208
25072261,11832208
24970653,11832208
24950059,11832208
24926436,11832208
24884718,11832208
24874729,11832208
24847939,11832208
24817481,11832208
24811059,11832208
24798488,11832208
24788721,11832208
24701133,11832208
24642354,11832208
24600246,11832208
24598993,11832208
24591761,11832208
24556691,11832208
24482576,11832208
24312913,11832208
24289229,11832208
24278741,11832208
24265793,11832208
24219164,11832208
24197907,11832208
24156623,11832208
24155760,11832208
24114677,11832208
24063014,11832208
23873296,11832208
23833673,11832208
23819860,11832208
23805307,11832208
23776363,11832208
23738079,11832208
23706288,11832208
23682925,11832208
23680151,11832208
23663786,11832208
23644490,11832208
23533376,11832208
23467066,11832208
23462720,11832208
23354477,11832208
23236423,11832208
23204505,11832208
23108140,11832208
23063622,11832208
23047548,11832208
23016122,11832208
22977638,11832208
22956590,11832208
22836122,11832208
22792303,11832208
22737080,11832208
22615549,11832208
22605334,11832208
22576469,11832208
22539352,11832208
22522501,11832208
22492723,11832208
22436612,11832208
22405464,11832208
22369660,11832208
22357538,11832208
22347416,11832208
22325354,11832208
22227970,11832208
22187435,11832208
22187037,11832208
22167183,11832208
22112941,11832208
22088982,11832208
22032831,11832208
21990299,11832208
21968427,11832208
21952622,11832208
21874107,11832208
21821475,11832208
21816818,11832208
21779462,11832208
21761359,11832208
21672282,11832208
21621538,11832208
21573160,11832208
21571596,11832208
21521830,11832208
21464040,11832208
21425134,11832208
21424870,11832208
21409565,11832208
21406404,11832208
21399666,11832208
21354798,11832208
21345144,11832208
21336637,11832208
21335604,11832208
21296653,11832208
21282113,11832208
21203981,11832208
21188122,11832208
21187397,11832208
21113097,11832208
20952512,11832208
20872853,11832208
20861225,11832208
20802015,11832208
20631074,11832208
20608971,11832208
20576130,11832208
20543987,11832208
20537966,11832208
20516115,11832208
20512659,11832208
20510205,11832208
20460509,11832208
20453858,11832208
20434415,11832208
20389018,11832208
20371343,11832208
20305393,11832208
20233482,11832208
20223009,11832208
20103632,11832208
20090883,11832208
20089461,11832208
20046879,11832208
19996028,11832208
19959799,11832208
19933147,11832208
19825178,11832208
19781088,11832208
19745069,11832208
19707334,11832208
19683094,11832208
19584272,11832208
19554456,11832208
19519295,11832208
19519210,11832208
19506729,11832208
19506039,11832208
19470754,11832208
19268590,11832208
19261749,11832208
19261746,11832208
19258535,11832208
19147494,11832208
19119312,11832208
19079346,11832208
19064968,11832208
19047179,11832208
19047089,11832208
19015238,11832208
19003240,11832208
18987750,11832208
18957201,11832208
18797466,11832208
18787609,11832208
18779610,11832208
18778768,11832208
18765668,11832208
18720553,11832208
18647827,11832208
18635967,11832208
18619997,11832208
18593910,11832208
18487186,11832208
18473727,11832208
18472015,11832208
18443409,11832208
18369654,11832208
18356318,11832208
18342300,11832208
18230721,11832208
18226174,11832208
18219312,11832208
18208621,11832208
18197258,11832208
18077395,11832208
18036997,11832208
17945002,11832208
17848944,11832208
17700570,11832208
17697367,11832208
17683622,11832208
17663789,11832208
17626182,11832208
17541404,11832208
17525340,11832208
17505536,11832208
17504528,11832208
17452982,11832208
17420471,11832208
17379580,11832208
17310252,11832208
17305420,11832208
17304220,11832208
17213827,11832208
17189429,11832208
17173371,11832208
17047656,11832208
17012842,11832208
17010193,11832208
16978908,11832208
16951081,11832208
16943438,11832208
16923957,11832208
16914443,11832208
16906222,11832208
16882718,11832208
16731627,11832208
16628214,11832208
16622123,11832208
16522651,11832208
16432240,11832208
16391231,11832208
16280041,11832208
16149916,11832208
16091739,11832208
16055725,11832208
16014699,11832208
15967112,11832208
15905410,11832208
15902273,11832208
15798199,11832208
15734731,11832208
15689452,11832208
15670748,11832208
15657438,11832208
15616572,11832208
15606925,11832208
15601828,11832208
15596820,11832208
15591126,11832208
15563594,11832208
15485917,11832208
15485915,11832208
15367671,11832208
15367667,11832208
15359272,11832208
15318925,11832208
15287965,11832208
15199145,11832208
15143195,11832208
15143166,11832208
15138485,11832208
15131084,11832208
15065664,11832208
15065656,11832208
15020404,11832208
14729816,11832208
14701743,11832208
14681210,11832208
14613551,11832208
14597413,11832208
14583096,11832208
14573481,11832208
14525934,11832208
14517299,11832208
12927042,11832208
12890739,11832208
12861027,11832208
12773567,11832208
12773400,11832208
12756300,11832208
12724401,11832208
12663541,11832208
12605716,11832208
12588969,11832208
12559046,11832208
12533509,11832208
12531920,11832208
12242278,11832208
12154123,11832208
12032322,11832208
