"Target","Source"
9497246,9811893
9497246,10082707
9497246,10090879
9497246,10090894
9497246,10441587
9497246,10486320
9497246,10487825
9497246,10528853
9497246,10570174
9497246,10577940
9497246,10638982
9497246,10739756
9497246,10755399
9497246,10917555
9497246,10944226
9497246,10952777
9497246,10978226
9497246,11044354
9497246,11044356
9497246,11056688
9497246,11133358
9497246,11170890
9497246,11179017
9497246,11207042
9497246,11237395
9497246,11238682
9497246,11248061
9497246,11250676
9497246,11250683
9497246,11250694
9497246,11250722
9497246,11250724
9497246,11286467
9497246,11309686
9497246,11389159
9497246,11395387
9497246,11429050
9497246,11431403
9497246,11433037
9497246,11437399
9497246,11527843
9497246,11556836
9497246,11756561
9497246,11850376
9497246,11857015
9497246,11875732
9497246,11879560
9497246,11953874
9497246,12100744
9497246,12145750
9497246,12177798
9497246,12368216
9497246,12471197
9497246,12610208
9497246,12672886
9497246,12677558
9497246,12698193
9497246,12843322
9497246,14583096
9497246,14627668
9497246,14680492
9497246,14962874
9497246,14979910
9497246,15026808
9497246,15082902
9497246,15083174
9497246,15116316
9497246,15138485
9497246,15173236
9497246,15217503
9497246,15217505
9497246,15217508
9497246,15353005
9497246,15381934
9497246,15505627
9497246,15545966
9497246,15642173
9497246,15653260
9497246,15681486
9497246,15756256
9497246,15831578
9497246,15834239
9497246,16052221
9497246,16131554
9497246,16136053
9497246,16168118
9497246,16168130
9497246,16229746
9497246,16280053
9497246,16407375
9497246,16417652
9497246,16457692
9497246,16460311
9497246,16484695
9497246,16507150
9497246,16522651
9497246,16539696
9497246,16563180
9497246,16575876
9497246,16622123
9497246,16622469
9497246,16623069
9497246,16646800
9497246,16762046
9497246,16800895
9497246,16825431
9497246,16825437
9497246,16905680
9497246,16973716
9497246,16978908
9497246,17018160
9497246,17079251
9497246,17106493
9497246,17213823
9497246,17213827
9497246,17285126
9497246,17324252
9497246,17341306
9497246,17416853
9497246,17466083
9497246,17525270
9497246,17541692
9497246,17561994
9497246,17603881
9497246,17625228
9497246,17640379
9497246,17673440
9497246,17697391
9497246,17850658
9497246,17909205
9497246,17999359
9497246,18042939
9497246,18053174
9497246,18196574
9497246,18230179
9497246,18268124
9497246,18268356
9497246,18326623
9497246,18344704
9497246,18355772
9497246,18402691
9497246,18410690
9497246,18418465
9497246,18418466
9497246,18443409
9497246,18450541
9497246,18489799
9497246,18513387
9497246,18542066
9497246,18618591
9497246,18628483
9497246,18647968
9497246,18662409
9497246,18687797
9497246,18691161
9497246,18702049
9497246,18703817
9497246,18706089
9497246,18718648
9497246,18782836
9497246,18783588
9497246,18812548
9497246,18834503
9497246,18836779
9497246,18851829
9497246,18925859
9497246,18979190
9497246,18992264
9497246,19043619
9497246,19089844
9497246,19119312
9497246,19128425
9497246,19141781
9497246,19174581
9497246,19176442
9497246,19188678
9497246,19223511
9497246,19232099
9497246,19240718
9497246,19277124
9497246,19309274
9497246,19319666
9497246,19324993
9497246,19329713
9497246,19367322
9497246,19383374
9497246,19383375
9497246,19460581
9497246,19466581
9497246,19493351
9497246,19536330
9497246,19543528
9497246,19567506
9497246,19584580
9497246,19596651
9497246,19619314
9497246,19695104
9497246,19767587
9497246,19804604
9497246,19805094
9497246,19833573
9497246,19843326
9497246,19876733
9497246,19890494
9497246,19920816
9497246,19949876
9497246,19958922
9497246,19996031
9497246,20014424
9497246,20028858
9497246,20101300
9497246,20111735
9497246,20135344
9497246,20146796
9497246,20167074
9497246,20177093
9497246,20223033
9497246,20233462
9497246,20233467
9497246,20233468
9497246,20233480
9497246,20233481
9497246,20234365
9497246,20368650
9497246,20397150
9497246,20456938
9497246,20510205
9497246,20530438
9497246,20542480
9497246,20554149
9497246,20567624
9497246,20631074
9497246,20637093
9497246,20639550
9497246,20647335
9497246,20676756
9497246,20687957
9497246,20810374
9497246,20824037
9497246,20921543
9497246,20930542
9497246,20932271
9497246,20961453
9497246,20980697
9497246,21037853
9497246,21102443
9497246,21169536
9497246,21218378
9497246,21232165
9497246,21246292
9497246,21276604
9497246,21365267
9497246,21365268
9497246,21369831
9497246,21404118
9497246,21424757
9497246,21427728
9497246,21444874
9497246,21487411
9497246,21552502
9497246,21571596
9497246,21603083
9497246,21603858
9497246,21637503
9497246,21637504
9497246,21668996
9497246,21681822
9497246,21708937
9497246,21778580
9497246,21811309
9497246,21816897
9497246,21834074
9497246,21835029
9497246,21855118
9497246,21892298
9497246,21933006
9497246,22009639
9497246,22045356
9497246,22053997
9497246,22112691
9497246,22139894
9497246,22160602
9497246,22218884
9497246,22231042
9497246,22235027
9497246,22253144
9497246,22262859
9497246,22274690
9497246,22275959
9497246,22357897
9497246,22425664
9497246,22429896
9497246,22430266
9497246,22544547
9497246,22632462
9497246,22662244
9497246,22670098
9497246,22678057
9497246,22703186
9497246,22729394
9497246,22734169
9497246,22736444
9497246,22753008
9497246,22790858
9497246,22792303
9497246,22848222
9497246,22853843
9497246,22869870
9497246,22977115
9497246,22977638
9497246,23028338
9497246,23054337
9497246,23056176
9497246,23093334
9497246,23099436
9497246,23133607
9497246,23179792
9497246,23184082
9497246,23199085
9497246,23213100
9497246,23216834
9497246,23231005
9497246,23233716
9497246,23248761
9497246,23267305
9497246,23271408
9497246,23293602
9497246,23300655
9497246,23318652
9497246,23405268
9497246,23431300
9497246,23536787
9497246,23554638
9497246,23579217
9497246,23680028
9497246,23690926
9497246,23762064
9497246,23776375
9497246,23781229
9497246,23788959
9497246,23819023
9497246,23836079
9497246,23917453
9497246,23935836
9497246,23946868
9497246,24072553
9497246,24097974
9497246,24179442
9497246,24198482
9497246,24275135
9497246,24292448
9497246,24358278
9497246,24429628
9497246,24501658
9497246,24563347
9497246,24660075
9497246,24667084
9497246,24695549
9497246,24711870
9497246,24796968
9497246,24872733
9497246,24884479
9497246,24901479
9497246,24915755
9497246,24944648
9497246,24950059
9497246,24951267
9497246,24955283
9497246,24971890
9497246,25002817
9497246,25091735
9497246,25114845
9497246,25192939
9497246,25224030
9497246,25236687
9497246,25371446
9497246,25376862
9497246,25427996
9497246,25447904
9497246,25482078
9497246,25569233
9497246,25666348
9497246,25692038
9497246,25713430
9497246,25789047
9497246,25798252
9497246,25848941
9497246,25902343
9497246,25908947
9497246,25948675
9497246,25960719
9497246,26010605
9497246,26045257
9497246,26078790
9497246,26082944
9497246,26109977
9497246,26162567
9497246,26187060
9497246,26237476
9497246,26293705
9497246,26309417
9497246,26327783
9497246,26328548
9497246,26511885
9497246,26550133
9497246,26568913
9497246,26586665
9497246,26690337
9497246,26715507
9497246,26768420
9497246,26823519
9497246,26843614
9497246,26870808
9497246,26884819
9497246,26920070
9497246,26986251
9497246,26992017
9497246,26997744
9497246,27027444
9497246,27050030
9497246,27066510
9497246,27067391
9497246,27077130
9497246,27095945
9497246,27129401
9497246,27144062
9497246,27144894
9497246,27192130
9497246,27200080
9497246,27252788
9497246,27273131
9497246,27286002
9497246,27303907
9497246,27306910
9497246,27325848
9497246,27338744
9497246,27391110
9497246,27413415
9497246,27443514
9497246,27553291
9497246,27587993
9497246,27600412
9497246,27688728
9497246,27716388
9497246,27769992
9497246,27779110
9497246,27788678
9497246,27843583
9497246,27844253
9497246,27876019
9497246,27899083
9497246,28076950
9497246,28112991
9497246,28157161
9497246,28177912
9497246,28205045
9497246,28285341
9497246,28382102
9497246,28392550
9497246,28453507
9497246,28477017
9497246,28538673
9497246,28624978
9497246,28629773
9497246,28657222
9497246,28670351
9497246,28680148
9497246,28685084
9497246,28796317
9497246,28814288
9497246,28894848
9497246,28977883
9497246,29161300
9497246,29196913
9497246,29228967
9497246,29325452
9497246,29356578
9497246,29368425
9497246,29422015
9497246,29435039
9497246,29456844
9497246,29466291
9497246,29480828
9497246,29566657
9497246,29582646
9497246,29659587
9497246,29733510
9497246,29955703
9497246,29998082
9497246,30075794
9497246,30234181
9497246,30262796
9497246,30275608
12677558,14580253
12677558,14597750
12677558,14609432
12677558,14729816
12677558,15290653
12677558,15381934
12677558,15477862
12677558,15545966
12677558,15743497
12677558,15756256
12677558,15987451
12677558,15987458
12677558,16014699
12677558,16052221
12677558,16154817
12677558,16168130
12677558,16227521
12677558,16417652
12677558,16457692
12677558,16484695
12677558,16495917
12677558,16536962
12677558,16537453
12677558,16563180
12677558,16575876
12677558,16622123
12677558,16646800
12677558,16905680
12677558,16909138
12677558,17016486
12677558,17018160
12677558,17018815
12677558,17150001
12677558,17187672
12677558,17211471
12677558,17213823
12677558,17213827
12677558,17416853
12677558,17426707
12677558,17428320
12677558,17466083
12677558,17529967
12677558,17529973
12677558,17597882
12677558,17634833
12677558,17636425
12677558,17673440
12677558,17888188
12677558,17909205
12677558,17916242
12677558,17924331
12677558,17972172
12677558,17999359
12677558,18030340
12677558,18036997
12677558,18046629
12677558,18158280
12677558,18182601
12677558,18196574
12677558,18196605
12677558,18230020
12677558,18268124
12677558,18268356
12677558,18274079
12677558,18344704
12677558,18349832
12677558,18355772
12677558,18381459
12677558,18410690
12677558,18431501
12677558,18461147
12677558,18483851
12677558,18489799
12677558,18497862
12677558,18501021
12677558,18523885
12677558,18542066
12677558,18557994
12677558,18612136
12677558,18645608
12677558,18653701
12677558,18662409
12677558,18687797
12677558,18703817
12677558,18718648
12677558,18772892
12677558,18779604
12677558,18812548
12677558,18816319
12677558,18951447
12677558,19000599
12677558,19043619
12677558,19127552
12677558,19128425
12677558,19141360
12677558,19141781
12677558,19277124
12677558,19280625
12677558,19309274
12677558,19329713
12677558,19336560
12677558,19383374
12677558,19383375
12677558,19383379
12677558,19423517
12677558,19455369
12677558,19460581
12677558,19471317
12677558,19519208
12677558,19577280
12677558,19584272
12677558,19590058
12677558,19602282
12677558,19607694
12677558,19609668
12677558,19609726
12677558,19622357
12677558,19656415
12677558,19656774
12677558,19683094
12677558,19724277
12677558,19767587
12677558,19770511
12677558,19843326
12677558,19861671
12677558,19876733
12677558,19920816
12677558,19921428
12677558,19949876
12677558,19996031
12677558,20028858
12677558,20039063
12677558,20101300
12677558,20122277
12677558,20135344
12677558,20158306
12677558,20177093
12677558,20180014
12677558,20180971
12677558,20182637
12677558,20223009
12677558,20223030
12677558,20223033
12677558,20223045
12677558,20226239
12677558,20233462
12677558,20233478
12677558,20233480
12677558,20350313
12677558,20362325
12677558,20368571
12677558,20378548
12677558,20397150
12677558,20418484
12677558,20445803
12677558,20456938
12677558,20458532
12677558,20541936
12677558,20542480
12677558,20628528
12677558,20676756
12677558,20683447
12677558,20687957
12677558,20847884
12677558,20852631
12677558,20877337
12677558,20961453
12677558,20978178
12677558,20980697
12677558,21060860
12677558,21067532
12677558,21114847
12677558,21118973
12677558,21123638
12677558,21169536
12677558,21182766
12677558,21218854
12677558,21232165
12677558,21246292
12677558,21326245
12677558,21343941
12677558,21345144
12677558,21352566
12677558,21365268
12677558,21369831
12677558,21393566
12677558,21399666
12677558,21419771
12677558,21424757
12677558,21427728
12677558,21459759
12677558,21483040
12677558,21483806
12677558,21509758
12677558,21529750
12677558,21603858
12677558,21637102
12677558,21637635
12677558,21654687
12677558,21673951
12677558,21702907
12677558,21708937
12677558,21750719
12677558,21771338
12677558,21787400
12677558,21799032
12677558,21811309
12677558,21816897
12677558,21822267
12677558,21834074
12677558,21864353
12677558,21890493
12677558,21935911
12677558,21990299
12677558,22009719
12677558,22032724
12677558,22042950
12677558,22053997
12677558,22085629
12677558,22112691
12677558,22124624
12677558,22184484
12677558,22210863
12677558,22231042
12677558,22253144
12677558,22262852
12677558,22275985
12677558,22276018
12677558,22290208
12677558,22295226
12677558,22312502
12677558,22312537
12677558,22333603
12677558,22341969
12677558,22347400
12677558,22348646
12677558,22357897
12677558,22388872
12677558,22429596
12677558,22430266
12677558,22460208
12677558,22488460
12677558,22494806
12677558,22513257
12677558,22544547
12677558,22556274
12677558,22564716
12677558,22569005
12677558,22588560
12677558,22617326
12677558,22662244
12677558,22670098
12677558,22682623
12677558,22693372
12677558,22698908
12677558,22703186
12677558,22729394
12677558,22734169
12677558,22762150
12677558,22773955
12677558,22848303
12677558,22866004
12677558,22866093
12677558,22889855
12677558,22906755
12677558,22910930
12677558,22956590
12677558,22958637
12677558,22964868
12677558,22977638
12677558,23036981
12677558,23037493
12677558,23039163
12677558,23047606
12677558,23055798
12677558,23057551
12677558,23086584
12677558,23113073
12677558,23164213
12677558,23172369
12677558,23184400
12677558,23213100
12677558,23216834
12677558,23226154
12677558,23231005
12677558,23233716
12677558,23269703
12677558,23271408
12677558,23289006
12677558,23319948
12677558,23344037
12677558,23374397
12677558,23388117
12677558,23448386
12677558,23448497
12677558,23451180
12677558,23462720
12677558,23472070
12677558,23483928
12677558,23530095
12677558,23535505
12677558,23536787
12677558,23544013
12677558,23586058
12677558,23683081
12677558,23690142
12677558,23695013
12677558,23706288
12677558,23737681
12677558,23764426
12677558,23776357
12677558,23776375
12677558,23787919
12677558,23788797
12677558,23793601
12677558,23819023
12677558,23833688
12677558,23837641
12677558,23860382
12677558,23917453
12677558,23918944
12677558,23922822
12677558,23935381
12677558,23941127
12677558,23941236
12677558,23987739
12677558,24013928
12677558,24025454
12677558,24040146
12677558,24043945
12677558,24063014
12677558,24072553
12677558,24171766
12677558,24186304
12677558,24225019
12677558,24291072
12677558,24292448
12677558,24346285
12677558,24357849
12677558,24359602
12677558,24389207
12677558,24423863
12677558,24429628
12677558,24455306
12677558,24477976
12677558,24478985
12677558,24519767
12677558,24548884
12677558,24549055
12677558,24647774
12677558,24660075
12677558,24667084
12677558,24667779
12677558,24695549
12677558,24698998
12677558,24715835
12677558,24735105
12677558,24742220
12677558,24762560
12677558,24764694
12677558,24771937
12677558,24794065
12677558,24807107
12677558,24821107
12677558,24830819
12677558,24839250
12677558,24872733
12677558,24891549
12677558,24893124
12677558,24922460
12677558,25025957
12677558,25099575
12677558,25114845
12677558,25114862
12677558,25132793
12677558,25136594
12677558,25136623
12677558,25137022
12677558,25138101
12677558,25162013
12677558,25192939
12677558,25224030
12677558,25253900
12677558,25256238
12677558,25304112
12677558,25328138
12677558,25352972
12677558,25366075
12677558,25368521
12677558,25371446
12677558,25374063
12677558,25391615
12677558,25435541
12677558,25479140
12677558,25482078
12677558,25514409
12677558,25524463
12677558,25525466
12677558,25536192
12677558,25626062
12677558,25640009
12677558,25648828
12677558,25678824
12677558,25708717
12677558,25712765
12677558,25724305
12677558,25729416
12677558,25750544
12677558,25752479
12677558,25798433
12677558,25800897
12677558,25833843
12677558,25841594
12677558,25857409
12677558,25868867
12677558,25902343
12677558,25925750
12677558,25932169
12677558,25933682
12677558,25951739
12677558,25960719
12677558,25960720
12677558,26000714
12677558,26014596
12677558,26025000
12677558,26034659
12677558,26057449
12677558,26097557
12677558,26097796
12677558,26150446
12677558,26183948
12677558,26187060
12677558,26206555
12677558,26233224
12677558,26264902
12677558,26286255
12677558,26295337
12677558,26315354
12677558,26343159
12677558,26350354
12677558,26406445
12677558,26430151
12677558,26487094
12677558,26496879
12677558,26515461
12677558,26520360
12677558,26528110
12677558,26531312
12677558,26534844
12677558,26555178
12677558,26564481
12677558,26568913
12677558,26577764
12677558,26585765
12677558,26586665
12677558,26588056
12677558,26617728
12677558,26628872
12677558,26629501
12677558,26645001
12677558,26690337
12677558,26706041
12677558,26733283
12677558,26745875
12677558,26748927
12677558,26759468
12677558,26774741
12677558,26786860
12677558,26812021
12677558,26834851
12677558,26835363
12677558,26848859
12677558,26908327
12677558,26922077
12677558,26929738
12677558,26941449
12677558,26941959
12677558,26986251
12677558,26992017
12677558,26997744
12677558,27008870
12677558,27013479
12677558,27015555
12677558,27060914
12677558,27066510
12677558,27094481
12677558,27099272
12677558,27099641
12677558,27129401
12677558,27144062
12677558,27184417
12677558,27194814
12677558,27200296
12677558,27249773
12677558,27252788
12677558,27257824
12677558,27261275
12677558,27282546
12677558,27283172
12677558,27296296
12677558,27317574
12677558,27375968
12677558,27391110
12677558,27403073
12677558,27406733
12677558,27417594
12677558,27417623
12677558,27417805
12677558,27424772
12677558,27443514
12677558,27463617
12677558,27478869
12677558,27496222
12677558,27513445
12677558,27514838
12677558,27514841
12677558,27533253
12677558,27534398
12677558,27595995
12677558,27643881
12677558,27656653
12677558,27659521
12677558,27686855
12677558,27716388
12677558,27736844
12677558,27749552
12677558,27779110
12677558,27782108
12677558,27796678
12677558,27796716
12677558,27803593
12677558,27842325
12677558,27852980
12677558,27873046
12677558,27893411
12677558,27899083
12677558,27966054
12677558,28035019
12677558,28060958
12677558,28086974
12677558,28132390
12677558,28182268
12677558,28184293
12677558,28205045
12677558,28233473
12677558,28240969
12677558,28262780
12677558,28283652
12677558,28285341
12677558,28314837
12677558,28357044
12677558,28398847
12677558,28402748
12677558,28405812
12677558,28406427
12677558,28407998
12677558,28419251
12677558,28423363
12677558,28443200
12677558,28448435
12677558,28454587
12677558,28476184
12677558,28477017
12677558,28538673
12677558,28569220
12677558,28591191
12677558,28612125
12677558,28629773
12677558,28637432
12677558,28638793
12677558,28665051
12677558,28680148
12677558,28693174
12677558,28706734
12677558,28794804
12677558,28814288
12677558,28831036
12677558,28874143
12677558,28904335
12677558,28931403
12677558,28931501
12677558,28938488
12677558,28943953
12677558,28957949
12677558,28959512
12677558,28969709
12677558,28989926
12677558,29038425
12677558,29044548
12677558,29052111
12677558,29053726
12677558,29146938
12677558,29150481
12677558,29201868
12677558,29228641
12677558,29238749
12677558,29255348
12677558,29258857
12677558,29262565
12677558,29262670
12677558,29270046
12677558,29271107
12677558,29275340
12677558,29285044
12677558,29294048
12677558,29298171
12677558,29301572
12677558,29311658
12677558,29339979
12677558,29356578
12677558,29368425
12677558,29371908
12677558,29383094
12677558,29400552
12677558,29435039
12677558,29435563
12677558,29459887
12677558,29464354
12677558,29466291
12677558,29541174
12677558,29547931
12677558,29565421
12677558,29653920
12677558,29659587
12677558,29662617
12677558,29685123
12677558,29719442
12677558,29770616
12677558,29797793
12677558,29861850
12677558,29907814
12677558,29977456
12677558,29998082
12677558,30021754
12677558,30049195
12677558,30065615
12677558,30089796
12677558,30090744
12677558,30134520
12677558,30156052
12677558,30181513
12677558,30211169
12677558,30234181
12677558,30236776
12677558,30344835
12677558,30371347
21720365,21746896
21720365,21772823
21720365,21798893
21720365,21803805
21720365,21817115
21720365,21858223
21720365,21892161
21720365,21908773
21720365,21931712
21720365,21941283
21720365,21949640
21720365,21953469
21720365,21985277
21720365,21990067
21720365,21990299
21720365,22006311
21720365,22011170
21720365,22053303
21720365,22065722
21720365,22071625
21720365,22073136
21720365,22076125
21720365,22090379
21720365,22101487
21720365,22102435
21720365,22102578
21720365,22131877
21720365,22133722
21720365,22139894
21720365,22144423
21720365,22147957
21720365,22150006
21720365,22163003
21720365,22174260
21720365,22174824
21720365,22180401
21720365,22185227
21720365,22194851
21720365,22194930
21720365,22214849
21720365,22235203
21720365,22236809
21720365,22237701
21720365,22242939
21720365,22246208
21720365,22260482
21720365,22262733
21720365,22266861
21720365,22274685
21720365,22274690
21720365,22278382
21720365,22282663
21720365,22293752
21720365,22295145
21720365,22300766
21720365,22301131
21720365,22301132
21720365,22303362
21720365,22306135
21720365,22306204
21720365,22322968
21720365,22328975
21720365,22329458
21720365,22331912
21720365,22333033
21720365,22342180
21720365,22348002
21720365,22355333
21720365,22355468
21720365,22391210
21720365,22396450
21720365,22396451
21720365,22396495
21720365,22397650
21720365,22401667
21720365,22403726
21720365,22405464
21720365,22408643
21720365,22409458
21720365,22415235
21720365,22416079
21720365,22417201
21720365,22421440
21720365,22422403
21720365,22422451
21720365,22424236
21720365,22429596
21720365,22443377
21720365,22445068
21720365,22445484
21720365,22446384
21720365,22458606
21720365,22479643
21720365,22487539
21720365,22495314
21720365,22505474
21720365,22505475
21720365,22506137
21720365,22510765
21720365,22512864
21720365,22514011
21720365,22516585
21720365,22531354
21720365,22531637
21720365,22532440
21720365,22534183
21720365,22536442
21720365,22544022
21720365,22545051
21720365,22550129
21720365,22555088
21720365,22567123
21720365,22570537
21720365,22576175
21720365,22576213
21720365,22579790
21720365,22580577
21720365,22585163
21720365,22585860
21720365,22585861
21720365,22588155
21720365,22588877
21720365,22590536
21720365,22590557
21720365,22592801
21720365,22609632
21720365,22610119
21720365,22613842
21720365,22617326
21720365,22624712
21720365,22637570
21720365,22644307
21720365,22661305
21720365,22665440
21720365,22666502
21720365,22673632
21720365,22685209
21720365,22687175
21720365,22705797
21720365,22710723
21720365,22711857
21720365,22719973
21720365,22722839
21720365,22733541
21720365,22735379
21720365,22751462
21720365,22759861
21720365,22761580
21720365,22764765
21720365,22773520
21720365,22779056
21720365,22787427
21720365,22789535
21720365,22796942
21720365,22797305
21720365,22810696
21720365,22817889
21720365,22833495
21720365,22833573
21720365,22839576
21720365,22839973
21720365,22845482
21720365,22851646
21720365,22858243
21720365,22858688
21720365,22864111
21720365,22878650
21720365,22896656
21720365,22896676
21720365,22899649
21720365,22904074
21720365,22905095
21720365,22908275
21720365,22912392
21720365,22923510
21720365,22925884
21720365,22930283
21720365,22933245
21720365,22935582
21720365,22941188
21720365,22942254
21720365,22952919
21720365,22954683
21720365,22956860
21720365,22959562
21720365,22960745
21720365,22962493
21720365,22964433
21720365,22965149
21720365,22967087
21720365,22970210
21720365,22970311
21720365,22970327
21720365,22973298
21720365,22974323
21720365,22975378
21720365,22977115
21720365,22980975
21720365,22986455
21720365,22988449
21720365,23000897
21720365,23006666
21720365,23008289
21720365,23010348
21720365,23014630
21720365,23019585
21720365,23028188
21720365,23029043
21720365,23029477
21720365,23033966
21720365,23034185
21720365,23046488
21720365,23047548
21720365,23047606
21720365,23055523
21720365,23055531
21720365,23055974
21720365,23056589
21720365,23057551
21720365,23066107
21720365,23069641
21720365,23074142
21720365,23078675
21720365,23095324
21720365,23105932
21720365,23106814
21720365,23109879
21720365,23110199
21720365,23114871
21720365,23124507
21720365,23128226
21720365,23132910
21720365,23134756
21720365,23139805
21720365,23145359
21720365,23158523
21720365,23162758
21720365,23175120
21720365,23178814
21720365,23180788
21720365,23181723
21720365,23183705
21720365,23184638
21720365,23200914
21720365,23200915
21720365,23201680
21720365,23221341
21720365,23228031
21720365,23232254
21720365,23232571
21720365,23232854
21720365,23233093
21720365,23246380
21720365,23248761
21720365,23257362
21720365,23273547
21720365,23274563
21720365,23275034
21720365,23284693
21720365,23284754
21720365,23287472
21720365,23289505
21720365,23300411
21720365,23300757
21720365,23301059
21720365,23303602
21720365,23303603
21720365,23307060
21720365,23315066
21720365,23318260
21720365,23319768
21720365,23319948
21720365,23323831
21720365,23324396
21720365,23326577
21720365,23333522
21720365,23336014
21720365,23340843
21720365,23341493
21720365,23344037
21720365,23344261
21720365,23346316
21720365,23354438
21720365,23359684
21720365,23360797
21720365,23363777
21720365,23372550
21720365,23372714
21720365,23377183
21720365,23378270
21720365,23378788
21720365,23381004
21720365,23382894
21720365,23383610
21720365,23383675
21720365,23385974
21720365,23390377
21720365,23393560
21720365,23393606
21720365,23396013
21720365,23406336
21720365,23406666
21720365,23408683
21720365,23408974
21720365,23408991
21720365,23410973
21720365,23415753
21720365,23418673
21720365,23424118
21720365,23424119
21720365,23430023
21720365,23431203
21720365,23433318
21720365,23443798
21720365,23445765
21720365,23454583
21720365,23462720
21720365,23466868
21720365,23467088
21720365,23468275
21720365,23468608
21720365,23472150
21720365,23476796
21720365,23478441
21720365,23482747
21720365,23484135
21720365,23493187
21720365,23499052
21720365,23504936
21720365,23515433
21720365,23522120
21720365,23525077
21720365,23527012
21720365,23528858
21720365,23528888
21720365,23528891
21720365,23535648
21720365,23535649
21720365,23535730
21720365,23535731
21720365,23536770
21720365,23536787
21720365,23537167
21720365,23538338
21720365,23540689
21720365,23550061
21720365,23550210
21720365,23552840
21720365,23555186
21720365,23555212
21720365,23555554
21720365,23558894
21720365,23558900
21720365,23569271
21720365,23569385
21720365,23571109
21720365,23573084
21720365,23577104
21720365,23584089
21720365,23587053
21720365,23589289
21720365,23589546
21720365,23591839
21720365,23595662
21720365,23598999
21720365,23599224
21720365,23610071
21720365,23610446
21720365,23613755
21720365,23630663
21720365,23633034
21720365,23633565
21720365,23634261
21720365,23634284
21720365,23636398
21720365,23637631
21720365,23666744
21720365,23690307
21720365,23706632
21720365,23716468
21720365,23717195
21720365,23718799
21720365,23720056
21720365,23723238
21720365,23723721
21720365,23728290
21720365,23729402
21720365,23730208
21720365,23738901
21720365,23741457
21720365,23742247
21720365,23743355
21720365,23743496
21720365,23747483
21720365,23755063
21720365,23759589
21720365,23760025
21720365,23760067
21720365,23761826
21720365,23765252
21720365,23770567
21720365,23772050
21720365,23774303
21720365,23774800
21720365,23777306
21720365,23780408
21720365,23785667
21720365,23791107
21720365,23792563
21720365,23793816
21720365,23800698
21720365,23804424
21720365,23818604
21720365,23819556
21720365,23820584
21720365,23822816
21720365,23825651
21720365,23825799
21720365,23839233
21720365,23839242
21720365,23840792
21720365,23842645
21720365,23846313
21720365,23867710
21720365,23867999
21720365,23869198
21720365,23872309
21720365,23884416
21720365,23885787
21720365,23889749
21720365,23892434
21720365,23900136
21720365,23916135
21720365,23917080
21720365,23917454
21720365,23922675
21720365,23934194
21720365,23934967
21720365,23940583
21720365,23945238
21720365,23954162
21720365,23956306
21720365,23962039
21720365,23964347
21720365,23965899
21720365,23975155
21720365,23975433
21720365,23977046
21720365,23983606
21720365,23986883
21720365,24002999
21720365,24008095
21720365,24009430
21720365,24018557
21720365,24019896
21720365,24022702
21720365,24023729
21720365,24037242
21720365,24037788
21720365,24043563
21720365,24044516
21720365,24045689
21720365,24045973
21720365,24055331
21720365,24061648
21720365,24062525
21720365,24062981
21720365,24063014
21720365,24063517
21720365,24064421
21720365,24065105
21720365,24068106
21720365,24069199
21720365,24069583
21720365,24070420
21720365,24071849
21720365,24071850
21720365,24071851
21720365,24074954
21720365,24086153
21720365,24089029
21720365,24092746
21720365,24096364
21720365,24103777
21720365,24105793
21720365,24113773
21720365,24120142
21720365,24120991
21720365,24121789
21720365,24127939
21720365,24128673
21720365,24129674
21720365,24130056
21720365,24132290
21720365,24136009
21720365,24136988
21720365,24141004
21720365,24149212
21720365,24151539
21720365,24154874
21720365,24161930
21720365,24167589
21720365,24170201
21720365,24175302
21720365,24178762
21720365,24184755
21720365,24187453
21720365,24195060
21720365,24195073
21720365,24200849
21720365,24201814
21720365,24202319
21720365,24204800
21720365,24205039
21720365,24218511
21720365,24218601
21720365,24221193
21720365,24223042
21720365,24223834
21720365,24225019
21720365,24239753
21720365,24240112
21720365,24240700
21720365,24250782
21720365,24256813
21720365,24260186
21720365,24264574
21720365,24265398
21720365,24265409
21720365,24265410
21720365,24265793
21720365,24265805
21720365,24267866
21720365,24268522
21720365,24280869
21720365,24292195
21720365,24297540
21720365,24297935
21720365,24302632
21720365,24303006
21720365,24314048
21720365,24320616
21720365,24330428
21720365,24332043
21720365,24336083
21720365,24336498
21720365,24338723
21720365,24349831
21720365,24359638
21720365,24362534
21720365,24363999
21720365,24366298
21720365,24366882
21720365,24374933
21720365,24377084
21720365,24377086
21720365,24382385
21720365,24385586
21720365,24386507
21720365,24387334
21720365,24394555
21720365,24398046
21720365,24403987
21720365,24418928
21720365,24434212
21720365,24446311
21720365,24448499
21720365,24449244
21720365,24464852
21720365,24465228
21720365,24465231
21720365,24465620
21720365,24466374
21720365,24469047
21720365,24475911
21720365,24478985
21720365,24479672
21720365,24488081
21720365,24489963
21720365,24492837
21720365,24504028
21720365,24504521
21720365,24505259
21720365,24511378
21720365,24520092
21720365,24520177
21720365,24521265
21720365,24521303
21720365,24521710
21720365,24532723
21720365,24551595
21720365,24552141
21720365,24553142
21720365,24554720
21720365,24560445
21720365,24561168
21720365,24562574
21720365,24563622
21720365,24564449
21720365,24564884
21720365,24565034
21720365,24565108
21720365,24565562
21720365,24574518
21720365,24578576
21720365,24579064
21720365,24586866
21720365,24587839
21720365,24591819
21720365,24597747
21720365,24598993
21720365,24603336
21720365,24603706
21720365,24604117
21720365,24608573
21720365,24616881
21720365,24616882
21720365,24622401
21720365,24624361
21720365,24627272
21720365,24631446
21720365,24638001
21720365,24648345
21720365,24651013
21720365,24653979
21720365,24659709
21720365,24661571
21720365,24662513
21720365,24665131
21720365,24667251
21720365,24671188
21720365,24672774
21720365,24675677
21720365,24696706
21720365,24699249
21720365,24700801
21720365,24700803
21720365,24704825
21720365,24707357
21720365,24708222
21720365,24710071
21720365,24713437
21720365,24719451
21720365,24728075
21720365,24728189
21720365,24737393
21720365,24743184
21720365,24743243
21720365,24748377
21720365,24756370
21720365,24774302
21720365,24782321
21720365,24786638
21720365,24794429
21720365,24796616
21720365,24798692
21720365,24799088
21720365,24800235
21720365,24824601
21720365,24825857
21720365,24829461
21720365,24831101
21720365,24835180
21720365,24843000
21720365,24844596
21720365,24848881
21720365,24857111
21720365,24860780
21720365,24860781
21720365,24865582
21720365,24867690
21720365,24868556
21720365,24871328
21720365,24874471
21720365,24874954
21720365,24877083
21720365,24879340
21720365,24884486
21720365,24884706
21720365,24886194
21720365,24886523
21720365,24894155
21720365,24899686
21720365,24901363
21720365,24904826
21720365,24916698
21720365,24932569
21720365,24932685
21720365,24936210
21720365,24936796
21720365,24952592
21720365,24952901
21720365,24955791
21720365,24957074
21720365,24971229
21720365,24974076
21720365,24982872
21720365,24986099
21720365,24994965
21720365,24999802
21720365,25001846
21720365,25002459
21720365,25002826
21720365,25010594
21720365,25013169
21720365,25025074
21720365,25026295
21720365,25032869
21720365,25034878
21720365,25038052
21720365,25043054
21720365,25045437
21720365,25047817
21720365,25048467
21720365,25054200
21720365,25060187
21720365,25061068
21720365,25068849
21720365,25071824
21720365,25072022
21720365,25078979
21720365,25079112
21720365,25088195
21720365,25093514
21720365,25098269
21720365,25103497
21720365,25106096
21720365,25108461
21720365,25109570
21720365,25109877
21720365,25110883
21720365,25115441
21720365,25124162
21720365,25130871
21720365,25132267
21720365,25132269
21720365,25133172
21720365,25136623
21720365,25138050
21720365,25158060
21720365,25158761
21720365,25160522
21720365,25161243
21720365,25165489
21720365,25167919
21720365,25169931
21720365,25169943
21720365,25171249
21720365,25177370
21720365,25180175
21720365,25194819
21720365,25198155
21720365,25201530
21720365,25202135
21720365,25204415
21720365,25214461
21720365,25214892
21720365,25216223
21720365,25218906
21720365,25220599
21720365,25225597
21720365,25226589
21720365,25230021
21720365,25233892
21720365,25236784
21720365,25244152
21720365,25252652
21720365,25253082
21720365,25253940
21720365,25263569
21720365,25269487
21720365,25271436
21720365,25277212
21720365,25281711
21720365,25285018
21720365,25287128
21720365,25288881
21720365,25294702
21720365,25295252
21720365,25295534
21720365,25303976
21720365,25304686
21720365,25309732
21720365,25314936
21720365,25316809
21720365,25319062
21720365,25324189
21720365,25326813
21720365,25331876
21720365,25333261
21720365,25335753
21720365,25337550
21720365,25337559
21720365,25339994
21720365,25340765
21720365,25342990
21720365,25349970
21720365,25356737
21720365,25356755
21720365,25366565
21720365,25374782
21720365,25376608
21720365,25378323
21720365,25378332
21720365,25378557
21720365,25380171
21720365,25382732
21720365,25383459
21720365,25385265
21720365,25385636
21720365,25387393
21720365,25390899
21720365,25392082
21720365,25392690
21720365,25392696
21720365,25394645
21720365,25398451
21720365,25404506
21720365,25406591
21720365,25409689
21720365,25413436
21720365,25416196
21720365,25416589
21720365,25418856
21720365,25418858
21720365,25426548
21720365,25437005
21720365,25437714
21720365,25437919
21720365,25454820
21720365,25456139
21720365,25460179
21720365,25469243
21720365,25473433
21720365,25473754
21720365,25474241
21720365,25483088
21720365,25486864
21720365,25490449
21720365,25490527
21720365,25501392
21720365,25506199
21720365,25519148
21720365,25523272
21720365,25524384
21720365,25525571
21720365,25527363
21720365,25535366
21720365,25537512
21720365,25537514
21720365,25545135
21720365,25545504
21720365,25551281
21720365,25553357
21720365,25556613
21720365,25556614
21720365,25556615
21720365,25556616
21720365,25556617
21720365,25556618
21720365,25557169
21720365,25560085
21720365,25560400
21720365,25560806
21720365,25569148
21720365,25572314
21720365,25580158
21720365,25581431
21720365,25587053
21720365,25587357
21720365,25589624
21720365,25594067
21720365,25608477
21720365,25608759
21720365,25611546
21720365,25622902
21720365,25625193
21720365,25625843
21720365,25628764
21720365,25632305
21720365,25633079
21720365,25634215
21720365,25639871
21720365,25640961
21720365,25642963
21720365,25644622
21720365,25644941
21720365,25646015
21720365,25649242
21720365,25653168
21720365,25655233
21720365,25658832
21720365,25660948
21720365,25671108
21720365,25678824
21720365,25684390
21720365,25691825
21720365,25707771
21720365,25708199
21720365,25709969
21720365,25710373
21720365,25712099
21720365,25719666
21720365,25721614
21720365,25733895
21720365,25736266
21720365,25737278
21720365,25742136
21720365,25748058
21720365,25750544
21720365,25754088
21720365,25754234
21720365,25779564
21720365,25779658
21720365,25783201
21720365,25794154
21720365,25798291
21720365,25802882
21720365,25804953
21720365,25810107
21720365,25815421
21720365,25831060
21720365,25833843
21720365,25849741
21720365,25852742
21720365,25855048
21720365,25859819
21720365,25860109
21720365,25861213
21720365,25861392
21720365,25867001
21720365,25872896
21720365,25875127
21720365,25877329
21720365,25877891
21720365,25878333
21720365,25881093
21720365,25884494
21720365,25886003
21720365,25886164
21720365,25886299
21720365,25887099
21720365,25887147
21720365,25887568
21720365,25888305
21720365,25889361
21720365,25890285
21720365,25896974
21720365,25897373
21720365,25903787
21720365,25907971
21720365,25916843
21720365,25916844
21720365,25917195
21720365,25928379
21720365,25934522
21720365,25936886
21720365,25940761
21720365,25944911
21720365,25946318
21720365,25950620
21720365,25958320
21720365,25958393
21720365,25958397
21720365,25960638
21720365,25960722
21720365,25960768
21720365,25961669
21720365,25964101
21720365,25965947
21720365,25968567
21720365,25971410
21720365,25972361
21720365,25977291
21720365,25977332
21720365,25977900
21720365,25988180
21720365,25991672
21720365,25995442
21720365,25999347
21720365,26000738
21720365,26000852
21720365,26011384
21720365,26014432
21720365,26015570
21720365,26015868
21720365,26039994
21720365,26043110
21720365,26045783
21720365,26047463
21720365,26048077
21720365,26050922
21720365,26051713
21720365,26055813
21720365,26075229
21720365,26075790
21720365,26076164
21720365,26079312
21720365,26080861
21720365,26096019
21720365,26098711
21720365,26099277
21720365,26099452
21720365,26099468
21720365,26101093
21720365,26110023
21720365,26111056
21720365,26114093
21720365,26119817
21720365,26121317
21720365,26125594
21720365,26132201
21720365,26138921
21720365,26139413
21720365,26158448
21720365,26159569
21720365,26166714
21720365,26170722
21720365,26175968
21720365,26181193
21720365,26181259
21720365,26181416
21720365,26182352
21720365,26191180
21720365,26192918
21720365,26198537
21720365,26202601
21720365,26204491
21720365,26209509
21720365,26215675
21720365,26217958
21720365,26222067
21720365,26224133
21720365,26224579
21720365,26224872
21720365,26227489
21720365,26227665
21720365,26231170
21720365,26234182
21720365,26236688
21720365,26238185
21720365,26243836
21720365,26248031
21720365,26248648
21720365,26260910
21720365,26264211
21720365,26269749
21720365,26270481
21720365,26274927
21720365,26278998
21720365,26299613
21720365,26305917
21720365,26306234
21720365,26306699
21720365,26308346
21720365,26308486
21720365,26309417
21720365,26317392
21720365,26318585
21720365,26319120
21720365,26320869
21720365,26321251
21720365,26324360
21720365,26329039
21720365,26334103
21720365,26334131
21720365,26343191
21720365,26345285
21720365,26350498
21720365,26354718
21720365,26356327
21720365,26362996
21720365,26363302
21720365,26364602
21720365,26369335
21720365,26374197
21720365,26377073
21720365,26380555
21720365,26383827
21720365,26391404
21720365,26404183
21720365,26404381
21720365,26406377
21720365,26410082
21720365,26411585
21720365,26412982
21720365,26416421
21720365,26418900
21720365,26424751
21720365,26426684
21720365,26427375
21720365,26428316
21720365,26451959
21720365,26452130
21720365,26452665
21720365,26456302
21720365,26463832
21720365,26472020
21720365,26482043
21720365,26485003
21720365,26485143
21720365,26486086
21720365,26486520
21720365,26490766
21720365,26492273
21720365,26493647
21720365,26494976
21720365,26495758
21720365,26500033
21720365,26506417
21720365,26507825
21720365,26515598
21720365,26515818
21720365,26516350
21720365,26519468
21720365,26523267
21720365,26530441
21720365,26545823
21720365,26546296
21720365,26546806
21720365,26549805
21720365,26556035
21720365,26557500
21720365,26557882
21720365,26559525
21720365,26568913
21720365,26569395
21720365,26573008
21720365,26573438
21720365,26575166
21720365,26577046
21720365,26579492
21720365,26580601
21720365,26581809
21720365,26585234
21720365,26586806
21720365,26597175
21720365,26602013
21720365,26606135
21720365,26609213
21720365,26610547
21720365,26610585
21720365,26617853
21720365,26620706
21720365,26622736
21720365,26622941
21720365,26622942
21720365,26625204
21720365,26631459
21720365,26636256
21720365,26637171
21720365,26640543
21720365,26643275
21720365,26645725
21720365,26646792
21720365,26655797
21720365,26657142
21720365,26657155
21720365,26658019
21720365,26666289
21720365,26669450
21720365,26669451
21720365,26669452
21720365,26669862
21720365,26673580
21720365,26675546
21720365,26682011
21720365,26682248
21720365,26684027
21720365,26691761
21720365,26715829
21720365,26716409
21720365,26717985
21720365,26719703
21720365,26720345
21720365,26725650
21720365,26735499
21720365,26738740
21720365,26745875
21720365,26748214
21720365,26748848
21720365,26751490
21720365,26753012
21720365,26755556
21720365,26770382
21720365,26771497
21720365,26774475
21720365,26775699
21720365,26775705
21720365,26779402
21720365,26785814
21720365,26788197
21720365,26796307
21720365,26800494
21720365,26807235
21720365,26810393
21720365,26817708
21720365,26818060
21720365,26819345
21720365,26832797
21720365,26849037
21720365,26849781
21720365,26860615
21720365,26861753
21720365,26863568
21720365,26867771
21720365,26871470
21720365,26871602
21720365,26877780
21720365,26879975
21720365,26883286
21720365,26893702
21720365,26908019
21720365,26918345
21720365,26918392
21720365,26936395
21720365,26937756
21720365,26941449
21720365,26942886
21720365,26943585
21720365,26949157
21720365,26959121
21720365,26961683
21720365,26964031
21720365,26964623
21720365,26964739
21720365,26968641
21720365,26972162
21720365,26973247
21720365,26974996
21720365,26986515
21720365,26992233
21720365,27002934
21720365,27009938
21720365,27012190
21720365,27016222
21720365,27016230
21720365,27016231
21720365,27016234
21720365,27016308
21720365,27022037
21720365,27026228
21720365,27027433
21720365,27034613
21720365,27035433
21720365,27036018
21720365,27041570
21720365,27047702
21720365,27048884
21720365,27051296
21720365,27052356
21720365,27053923
21720365,27060149
21720365,27065332
21720365,27067410
21720365,27071093
21720365,27071721
21720365,27074572
21720365,27075448
21720365,27076919
21720365,27081306
21720365,27081328
21720365,27081703
21720365,27087632
21720365,27096031
21720365,27096160
21720365,27098033
21720365,27102245
21720365,27102436
21720365,27103885
21720365,27105520
21720365,27111033
21720365,27114889
21720365,27119108
21720365,27121307
21720365,27129161
21720365,27129169
21720365,27141062
21720365,27141069
21720365,27142977
21720365,27144941
21720365,27147225
21720365,27147567
21720365,27147568
21720365,27152024
21720365,27156852
21720365,27157619
21720365,27159635
21720365,27167110
21720365,27170665
21720365,27172797
21720365,27174921
21720365,27184229
21720365,27189279
21720365,27189670
21720365,27191893
21720365,27196780
21720365,27197152
21720365,27197945
21720365,27200294
21720365,27200296
21720365,27213343
21720365,27215396
21720365,27216078
21720365,27225414
21720365,27229533
21720365,27230211
21720365,27231203
21720365,27231484
21720365,27231557
21720365,27231561
21720365,27235858
21720365,27239958
21720365,27242959
21720365,27253175
21720365,27253518
21720365,27256873
21720365,27257824
21720365,27257965
21720365,27259208
21720365,27259716
21720365,27264184
21720365,27268121
21720365,27270322
21720365,27275818
21720365,27282150
21720365,27308341
21720365,27308478
21720365,27308506
21720365,27313331
21720365,27322684
21720365,27323405
21720365,27325851
21720365,27326311
21720365,27329033
21720365,27339942
21720365,27343009
21720365,27353327
21720365,27354067
21720365,27357673
21720365,27358048
21720365,27367496
21720365,27372738
21720365,27374141
21720365,27374179
21720365,27378695
21720365,27378931
21720365,27381624
21720365,27382614
21720365,27385216
21720365,27388124
21720365,27419385
21720365,27421040
21720365,27422332
21720365,27426307
21720365,27444036
21720365,27444372
21720365,27452673
21720365,27453446
21720365,27458529
21720365,27458531
21720365,27471560
21720365,27478503
21720365,27478834
21720365,27482544
21720365,27485054
21720365,27489349
21720365,27490802
21720365,27492892
21720365,27498762
21720365,27499892
21720365,27499925
21720365,27509055
21720365,27513026
21720365,27514840
21720365,27514841
21720365,27516935
21720365,27527602
21720365,27530326
21720365,27530686
21720365,27533083
21720365,27536319
21720365,27558154
21720365,27558279
21720365,27559151
21720365,27561551
21720365,27569584
21720365,27570657
21720365,27573169
21720365,27582547
21720365,27588493
21720365,27593933
21720365,27601076
21720365,27601996
21720365,27602775
21720365,27611952
21720365,27614696
21720365,27617576
21720365,27617642
21720365,27630665
21720365,27634150
21720365,27655640
21720365,27655714
21720365,27659536
21720365,27659538
21720365,27661102
21720365,27661117
21720365,27663592
21720365,27665539
21720365,27667176
21720365,27669434
21720365,27677586
21720365,27680505
21720365,27697594
21720365,27698843
21720365,27713570
21720365,27720231
21720365,27729194
21720365,27729437
21720365,27734929
21720365,27736844
21720365,27756408
21720365,27765019
21720365,27765068
21720365,27765459
21720365,27766744
21720365,27767231
21720365,27768182
21720365,27777471
21720365,27788148
21720365,27788220
21720365,27791010
21720365,27798635
21720365,27801298
21720365,27809878
21720365,27819019
21720365,27819294
21720365,27819677
21720365,27821806
21720365,27822512
21720365,27828713
21720365,27833130
21720365,27833898
21720365,27834954
21720365,27835572
21720365,27836980
21720365,27840695
21720365,27849011
21720365,27852253
21720365,27856443
21720365,27863405
21720365,27875985
21720365,27892457
21720365,27892920
21720365,27896993
21720365,27898521
21720365,27899992
21720365,27900369
21720365,27901492
21720365,27904752
21720365,27905519
21720365,27906134
21720365,27907908
21720365,27908398
21720365,27911851
21720365,27917296
21720365,27918551
21720365,27956521
21720365,27959635
21720365,27959926
21720365,27982081
21720365,27983698
21720365,27991925
21720365,27993796
21720365,27993965
21720365,27997533
21720365,27999736
21720365,28002809
21720365,28003870
21720365,28007036
21720365,28008168
21720365,28027945
21720365,28028993
21720365,28035019
21720365,28038466
21720365,28039447
21720365,28039463
21720365,28040685
21720365,28042188
21720365,28053089
21720365,28055897
21720365,28056026
21720365,28061464
21720365,28067895
21720365,28070226
21720365,28072594
21720365,28073171
21720365,28073364
21720365,28073843
21720365,28078645
21720365,28089051
21720365,28097235
21720365,28099152
21720365,28100625
21720365,28103826
21720365,28105451
21720365,28105908
21720365,28111004
21720365,28112728
21720365,28115208
21720365,28115406
21720365,28117679
21720365,28122348
21720365,28123539
21720365,28123896
21720365,28137908
21720365,28138309
21720365,28139702
21720365,28142321
21720365,28145423
21720365,28146134
21720365,28146434
21720365,28148293
21720365,28154416
21720365,28159814
21720365,28169314
21720365,28174230
21720365,28178664
21720365,28179590
21720365,28179987
21720365,28184293
21720365,28187738
21720365,28187748
21720365,28198375
21720365,28199976
21720365,28202506
21720365,28203520
21720365,28206648
21720365,28206954
21720365,28209595
21720365,28210138
21720365,28223716
21720365,28232483
21720365,28234008
21720365,28239216
21720365,28250960
21720365,28255243
21720365,28257098
21720365,28263311
21720365,28275576
21720365,28278071
21720365,28279692
21720365,28280090
21720365,28280730
21720365,28283672
21720365,28286604
21720365,28288142
21720365,28292312
21720365,28292439
21720365,28302823
21720365,28320418
21720365,28332630
21720365,28333954
21720365,28334343
21720365,28334900
21720365,28345024
21720365,28346042
21720365,28346442
21720365,28350786
21720365,28355574
21720365,28356928
21720365,28357094
21720365,28359078
21720365,28359308
21720365,28361684
21720365,28361690
21720365,28367061
21720365,28376088
21720365,28376174
21720365,28389666
21720365,28392124
21720365,28396911
21720365,28412735
21720365,28415609
21720365,28416635
21720365,28423358
21720365,28433771
21720365,28435450
21720365,28439015
21720365,28443200
21720365,28454214
21720365,28459819
21720365,28469391
21720365,28482906
21720365,28489927
21720365,28491011
21720365,28491146
21720365,28497333
21720365,28498246
21720365,28498842
21720365,28514312
21720365,28520777
21720365,28525389
21720365,28541631
21720365,28541638
21720365,28546758
21720365,28552950
21720365,28554551
21720365,28558767
21720365,28558959
21720365,28560097
21720365,28562334
21720365,28566428
21720365,28578276
21720365,28579319
21720365,28587062
21720365,28588062
21720365,28591715
21720365,28594898
21720365,28604753
21720365,28608929
21720365,28615526
21720365,28617578
21720365,28628421
21720365,28637487
21720365,28641043
21720365,28641578
21720365,28642588
21720365,28648284
21720365,28650955
21720365,28657225
21720365,28665395
21720365,28679689
21720365,28685067
21720365,28691013
21720365,28698296
21720365,28707979
21720365,28708071
21720365,28710496
21720365,28728166
21720365,28729955
21720365,28736741
21720365,28744021
21720365,28747339
21720365,28749468
21720365,28762650
21720365,28765325
21720365,28765560
21720365,28768687
21720365,28769043
21720365,28777143
21720365,28778862
21720365,28778953
21720365,28781807
21720365,28782606
21720365,28784174
21720365,28790837
21720365,28794804
21720365,28798885
21720365,28811376
21720365,28815209
21720365,28827520
21720365,28835735
21720365,28838952
21720365,28841418
21720365,28842505
21720365,28848242
21720365,28848618
21720365,28851311
21720365,28852147
21720365,28852190
21720365,28854921
21720365,28866430
21720365,28866885
21720365,28871116
21720365,28872635
21720365,28881577
21720365,28881822
21720365,28884012
21720365,28892043
21720365,28893231
21720365,28898201
21720365,28927026
21720365,28938536
21720365,28950307
21720365,28957949
21720365,28966695
21720365,28967908
21720365,28969028
21720365,28977852
21720365,28979802
21720365,28981122
21720365,28983483
21720365,28983627
21720365,28984201
21720365,28991261
21720365,29020960
21720365,29021619
21720365,29032074
21720365,29037806
21720365,29042553
21720365,29057879
21720365,29059010
21720365,29061967
21720365,29062170
21720365,29066617
21720365,29081841
21720365,29089486
21720365,29090014
21720365,29091960
21720365,29093603
21720365,29100075
21720365,29104488
21720365,29109301
21720365,29113276
21720365,29114401
21720365,29116111
21720365,29126163
21720365,29130934
21720365,29137324
21720365,29138572
21720365,29139326
21720365,29141914
21720365,29146938
21720365,29150601
21720365,29152081
21720365,29162841
21720365,29174566
21720365,29179445
21720365,29180611
21720365,29183400
21720365,29184441
21720365,29186515
21720365,29195926
21720365,29196464
21720365,29198524
21720365,29203787
21720365,29207666
21720365,29210986
21720365,29212204
21720365,29216340
21720365,29218871
21720365,29221157
21720365,29226065
21720365,29228547
21720365,29244808
21720365,29254281
21720365,29266765
21720365,29276780
21720365,29278600
21720365,29285388
21720365,29296209
21720365,29296220
21720365,29298688
21720365,29301960
21720365,29312534
21720365,29313279
21720365,29321816
21720365,29321820
21720365,29324546
21720365,29340034
21720365,29348823
21720365,29351920
21720365,29354116
21720365,29358619
21720365,29371993
21720365,29376131
21720365,29382369
21720365,29383036
21720365,29383145
21720365,29389895
21720365,29393731
21720365,29416679
21720365,29416824
21720365,29416878
21720365,29422776
21720365,29423060
21720365,29423077
21720365,29433427
21720365,29434212
21720365,29434467
21720365,29434898
21720365,29435137
21720365,29435183
21720365,29438696
21720365,29440175
21720365,29440484
21720365,29448954
21720365,29462149
21720365,29464354
21720365,29479082
21720365,29515689
21720365,29524322
21720365,29533782
21720365,29535360
21720365,29548303
21720365,29548784
21720365,29560094
21720365,29563500
21720365,29567272
21720365,29584920
21720365,29589561
21720365,29594039
21720365,29599910
21720365,29606854
21720365,29617652
21720365,29617659
21720365,29620483
21720365,29620581
21720365,29622464
21720365,29622466
21720365,29623421
21720365,29625048
21720365,29625055
21720365,29628290
21720365,29628467
21720365,29633253
21720365,29664143
21720365,29669295
21720365,29671397
21720365,29684207
21720365,29685880
21720365,29688383
21720365,29696206
21720365,29697363
21720365,29700304
21720365,29703236
21720365,29703902
21720365,29706454
21720365,29712898
21720365,29716549
21720365,29716620
21720365,29748565
21720365,29749503
21720365,29760377
21720365,29760516
21720365,29765148
21720365,29773902
21720365,29774075
21720365,29780774
21720365,29783665
21720365,29793804
21720365,29795040
21720365,29795571
21720365,29843806
21720365,29850653
21720365,29872499
21720365,29872707
21720365,29880787
21720365,29881257
21720365,29892687
21720365,29895694
21720365,29897425
21720365,29898407
21720365,29899393
21720365,29899543
21720365,29901154
21720365,29908887
21720365,29921308
21720365,29925418
21720365,29927933
21720365,29929545
21720365,29934362
21720365,29942794
21720365,29946544
21720365,29949979
21720365,29963073
21720365,29969986
21720365,29971090
21720365,29977351
21720365,29988723
21720365,29996888
21720365,29996917
21720365,29997359
21720365,30001835
21720365,30004845
21720365,30008853
21720365,30016392
21720365,30023007
21720365,30026836
21720365,30034459
21720365,30036377
21720365,30038317
21720365,30042185
21720365,30042343
21720365,30045908
21720365,30050129
21720365,30050594
21720365,30051594
21720365,30052649
21720365,30056367
21720365,30061485
21720365,30061703
21720365,30062862
21720365,30083023
21720365,30084834
21720365,30087267
21720365,30093685
21720365,30096791
21720365,30104763
21720365,30127274
21720365,30131853
21720365,30133561
21720365,30142790
21720365,30149579
21720365,30166697
21720365,30176911
21720365,30181294
21720365,30181917
21720365,30182054
21720365,30186027
21720365,30196236
21720365,30204756
21720365,30210910
21720365,30214298
21720365,30216380
21720365,30228934
21720365,30231564
21720365,30234181
21720365,30237504
21720365,30246154
21720365,30253799
21720365,30254278
21720365,30261690
21720365,30262850
21720365,30266954
21720365,30275608
21720365,30297789
21720365,30305911
21720365,30333487
21720365,30333958
21720365,30345394
21720365,30348959
21720365,30355311
21720365,30375371
22006311,22527104
22006311,22544547
22006311,22658618
22006311,22679557
22006311,22759740
22006311,22811390
22006311,22836122
22006311,22878650
22006311,22937176
22006311,22954224
22006311,22986143
22006311,23036137
22006311,23055523
22006311,23176254
22006311,23206658
22006311,23246380
22006311,23262210
22006311,23302520
22006311,23325218
22006311,23355100
22006311,23522120
22006311,23536787
22006311,23585894
22006311,23675572
22006311,23770805
22006311,23806170
22006311,24005565
22006311,24025454
22006311,24052749
22006311,24062981
22006311,24088786
22006311,24098868
22006311,24154874
22006311,24225019
22006311,24240112
22006311,24265398
22006311,24302632
22006311,24315737
22006311,24389207
22006311,24448499
22006311,24449244
22006311,24504028
22006311,24549055
22006311,24560445
22006311,24616882
22006311,24667084
22006311,24728189
22006311,24763289
22006311,24842883
22006311,24879340
22006311,24887442
22006311,24936644
22006311,24966870
22006311,24970153
22006311,24998779
22006311,25016020
22006311,25123297
22006311,25136594
22006311,25196046
22006311,25218906
22006311,25225577
22006311,25236687
22006311,25239263
22006311,25337559
22006311,25428789
22006311,25479140
22006311,25503501
22006311,25581430
22006311,25623732
22006311,25629968
22006311,25632310
22006311,25678824
22006311,25802882
22006311,25833843
22006311,25884701
22006311,25886519
22006311,25980754
22006311,25994375
22006311,26075229
22006311,26075790
22006311,26102509
22006311,26261251
22006311,26315354
22006311,26350354
22006311,26424751
22006311,26436112
22006311,26463832
22006311,26484312
22006311,26539620
22006311,26543556
22006311,26546806
22006311,26557407
22006311,26587011
22006311,26616728
22006311,26669451
22006311,26681312
22006311,26689913
22006311,26718727
22006311,26720728
22006311,26807219
22006311,26812021
22006311,26847329
22006311,26848776
22006311,26979391
22006311,27083775
22006311,27144062
22006311,27152024
22006311,27200294
22006311,27200296
22006311,27221539
22006311,27242959
22006311,27296296
22006311,27329137
22006311,27418648
22006311,27422780
22006311,27443514
22006311,27447168
22006311,27454289
22006311,27458531
22006311,27471560
22006311,27486019
22006311,27532258
22006311,27547810
22006311,27573169
22006311,27599564
22006311,27614696
22006311,27779110
22006311,27828713
22006311,27898521
22006311,28003870
22006311,28146134
22006311,28184293
22006311,28188302
22006311,28250960
22006311,28281021
22006311,28319063
22006311,28486781
22006311,28526081
22006311,28541631
22006311,28541638
22006311,28546758
22006311,28588062
22006311,28591191
22006311,28606096
22006311,28640387
22006311,28699130
22006311,28794477
22006311,28794804
22006311,28852190
22006311,28858227
22006311,28881569
22006311,28888541
22006311,28917021
22006311,28931501
22006311,28957949
22006311,28968953
22006311,29020732
22006311,29037806
22006311,29053726
22006311,29146522
22006311,29228641
22006311,29228718
22006311,29271107
22006311,29298688
22006311,29348823
22006311,29367421
22006311,29383094
22006311,29464354
22006311,29483665
22006311,29486991
22006311,29707124
22006311,29712865
22006311,29748565
22006311,29785153
22006311,29792936
22006311,29928469
22006311,29973584
22006311,29996917
22006311,30042185
22006311,30130155
22006311,30237851
22274685,22505475
22274685,22759740
22274685,22937176
22274685,23057551
22274685,23069641
22274685,23246380
22274685,23257159
22274685,23257362
22274685,23262210
22274685,23346316
22274685,23378788
22274685,23382860
22274685,23468275
22274685,23522120
22274685,23528888
22274685,23558894
22274685,23845225
22274685,23904761
22274685,23913208
22274685,23964347
22274685,24052749
22274685,24063014
22274685,24132290
22274685,24240112
22274685,24265793
22274685,24348864
22274685,24349831
22274685,24504028
22274685,24624361
22274685,24638001
22274685,24788697
22274685,24879340
22274685,24944674
22274685,25136623
22274685,25177489
22274685,25199754
22274685,25281711
22274685,25348513
22274685,25398451
22274685,25435542
22274685,25454820
22274685,25537514
22274685,25556617
22274685,25557169
22274685,25634215
22274685,25691825
22274685,25823848
22274685,25950620
22274685,25960722
22274685,25995442
22274685,26025000
22274685,26126726
22274685,26181259
22274685,26228058
22274685,26286255
22274685,26310369
22274685,26334103
22274685,26369335
22274685,26399274
22274685,26426684
22274685,26452665
22274685,26463438
22274685,26463832
22274685,26557500
22274685,26640291
22274685,26669452
22274685,26745875
22274685,26747452
22274685,26807161
22274685,26871470
22274685,26941449
22274685,27019658
22274685,27076919
22274685,27102245
22274685,27102249
22274685,27110476
22274685,27191893
22274685,27197267
22274685,27208206
22274685,27215391
22274685,27350785
22274685,27426307
22274685,27458531
22274685,27634150
22274685,27689695
22274685,27736844
22274685,27769273
22274685,27907908
22274685,27914478
22274685,28066048
22274685,28117679
22274685,28299801
22274685,28373819
22274685,28541631
22274685,28546758
22274685,28630051
22274685,28657222
22274685,28780755
22274685,28782606
22274685,28794804
22274685,28831036
22274685,28978132
22274685,29049607
22274685,29138572
22274685,29179445
22274685,29191972
22274685,29298688
22274685,29337092
22274685,29434467
22274685,29445866
22274685,29541174
22274685,29587661
22274685,29765522
22274685,29774075
22274685,29780777
22274685,29881257
22274685,30055028
22274685,30068487
22274685,30089478
22274685,30363743
22274685,30364884
22608084,22608083
22608084,22809226
22608084,22817889
22608084,22912407
22608084,22915799
22608084,22986455
22608084,23002210
22608084,23014189
22608084,23041320
22608084,23044827
22608084,23055184
22608084,23124520
22608084,23178448
22608084,23181949
22608084,23195997
22608084,23224554
22608084,23226573
22608084,23236267
22608084,23249472
22608084,23271983
22608084,23318258
22608084,23318448
22608084,23327985
22608084,23339072
22608084,23340846
22608084,23346096
22608084,23363777
22608084,23372550
22608084,23388464
22608084,23389445
22608084,23406336
22608084,23411593
22608084,23457261
22608084,23470991
22608084,23477556
22608084,23479679
22608084,23496902
22608084,23531354
22608084,23539594
22608084,23568837
22608084,23589849
22608084,23592419
22608084,23598277
22608084,23599896
22608084,23615877
22608084,23628380
22608084,23630320
22608084,23685212
22608084,23686230
22608084,23715497
22608084,23748046
22608084,23762276
22608084,23770567
22608084,23780408
22608084,23788797
22608084,23800221
22608084,23817572
22608084,23828039
22608084,23828459
22608084,23840298
22608084,23852168
22608084,23852170
22608084,23874106
22608084,23905624
22608084,23925127
22608084,23942124
22608084,23945592
22608084,23977391
22608084,23977426
22608084,23979356
22608084,23985681
22608084,23988736
22608084,24021668
22608084,24022702
22608084,24025454
22608084,24039593
22608084,24085845
22608084,24086153
22608084,24092746
22608084,24096568
22608084,24098698
22608084,24139898
22608084,24141779
22608084,24142049
22608084,24145436
22608084,24148783
22608084,24162739
22608084,24163103
22608084,24171103
22608084,24185510
22608084,24187453
22608084,24195709
22608084,24196351
22608084,24209623
22608084,24211364
22608084,24214964
22608084,24221193
22608084,24227842
22608084,24244370
22608084,24267946
22608084,24292195
22608084,24298051
22608084,24316979
22608084,24317514
22608084,24336318
22608084,24336748
22608084,24388879
22608084,24395524
22608084,24399611
22608084,24413735
22608084,24429703
22608084,24449905
22608084,24458646
22608084,24465623
22608084,24473148
22608084,24476821
22608084,24479672
22608084,24516544
22608084,24550747
22608084,24552141
22608084,24604189
22608084,24614976
22608084,24615916
22608084,24657537
22608084,24691422
22608084,24703847
22608084,24705290
22608084,24714652
22608084,24728294
22608084,24746700
22608084,24748981
22608084,24792170
22608084,24843013
22608084,24843014
22608084,24850867
22608084,24858917
22608084,24882004
22608084,24882007
22608084,24952744
22608084,24966870
22608084,24981601
22608084,25001846
22608084,25010360
22608084,25024164
22608084,25030888
22608084,25031618
22608084,25043003
22608084,25056697
22608084,25082706
22608084,25085003
22608084,25085081
22608084,25093514
22608084,25120953
22608084,25123150
22608084,25154417
22608084,25155756
22608084,25201439
22608084,25222836
22608084,25223734
22608084,25237741
22608084,25271376
22608084,25283145
22608084,25293804
22608084,25298093
22608084,25301631
22608084,25309649
22608084,25312340
22608084,25316146
22608084,25340765
22608084,25351503
22608084,25355878
22608084,25363767
22608084,25393273
22608084,25401301
22608084,25401976
22608084,25402978
22608084,25424858
22608084,25436920
22608084,25455629
22608084,25471132
22608084,25483182
22608084,25483777
22608084,25486194
22608084,25487575
22608084,25492931
22608084,25502431
22608084,25512523
22608084,25521761
22608084,25538195
22608084,25555261
22608084,25568919
22608084,25587136
22608084,25606588
22608084,25639868
22608084,25699710
22608084,25703331
22608084,25708799
22608084,25719666
22608084,25730763
22608084,25730878
22608084,25743702
22608084,25786108
22608084,25794154
22608084,25810463
22608084,25826305
22608084,25827447
22608084,25833184
22608084,25836928
22608084,25839328
22608084,25848704
22608084,25859550
22608084,25877892
22608084,25889244
22608084,25892534
22608084,25904160
22608084,25913416
22608084,25914058
22608084,25917266
22608084,25928070
22608084,25941824
22608084,25963125
22608084,25984700
22608084,25985141
22608084,25987569
22608084,26001532
22608084,26001967
22608084,26015808
22608084,26073774
22608084,26083936
22608084,26091828
22608084,26097867
22608084,26119426
22608084,26146607
22608084,26163694
22608084,26192915
22608084,26192918
22608084,26231518
22608084,26258849
22608084,26261799
22608084,26281709
22608084,26305796
22608084,26322163
22608084,26358854
22608084,26384561
22608084,26410082
22608084,26411678
22608084,26411877
22608084,26420215
22608084,26440892
22608084,26443852
22608084,26460502
22608084,26473186
22608084,26504226
22608084,26505995
22608084,26511885
22608084,26527001
22608084,26544511
22608084,26551669
22608084,26561834
22608084,26568296
22608084,26613077
22608084,26630308
22608084,26631512
22608084,26632267
22608084,26637526
22608084,26638776
22608084,26682542
22608084,26687355
22608084,26726318
22608084,26753176
22608084,26755635
22608084,26806129
22608084,26806338
22608084,26832400
22608084,26833333
22608084,26839411
22608084,26845763
22608084,26858460
22608084,26870154
22608084,26898111
22608084,26918916
22608084,26920143
22608084,26924765
22608084,26926109
22608084,26936395
22608084,26937274
22608084,26948891
22608084,26949746
22608084,26973786
22608084,26980749
22608084,26987311
22608084,27048880
22608084,27049831
22608084,27054363
22608084,27056836
22608084,27063502
22608084,27071093
22608084,27087322
22608084,27088115
22608084,27091472
22608084,27111033
22608084,27135926
22608084,27136393
22608084,27147740
22608084,27158268
22608084,27163364
22608084,27163633
22608084,27165352
22608084,27174753
22608084,27183007
22608084,27185408
22608084,27195705
22608084,27247954
22608084,27259208
22608084,27270430
22608084,27283319
22608084,27283966
22608084,27308321
22608084,27308383
22608084,27308442
22608084,27357940
22608084,27373164
22608084,27386516
22608084,27406316
22608084,27452521
22608084,27458530
22608084,27463017
22608084,27467053
22608084,27470111
22608084,27498871
22608084,27499907
22608084,27499911
22608084,27512948
22608084,27547031
22608084,27552096
22608084,27556158
22608084,27563650
22608084,27570633
22608084,27585283
22608084,27588520
22608084,27588706
22608084,27602762
22608084,27608840
22608084,27615322
22608084,27626065
22608084,27634334
22608084,27650891
22608084,27666519
22608084,27702817
22608084,27716362
22608084,27730215
22608084,27742657
22608084,27749842
22608084,27755535
22608084,27774765
22608084,27811275
22608084,27834354
22608084,27854363
22608084,27859304
22608084,27863091
22608084,27893960
22608084,27904775
22608084,27940951
22608084,27956618
22608084,27974498
22608084,27998038
22608084,28033648
22608084,28049147
22608084,28067073
22608084,28096526
22608084,28100701
22608084,28112740
22608084,28116551
22608084,28132024
22608084,28146134
22608084,28146552
22608084,28155687
22608084,28190876
22608084,28211614
22608084,28235197
22608084,28276460
22608084,28276478
22608084,28288110
22608084,28299801
22608084,28301871
22608084,28320778
22608084,28321501
22608084,28334887
22608084,28344341
22608084,28436422
22608084,28441401
22608084,28452953
22608084,28459850
22608084,28472485
22608084,28472504
22608084,28500398
22608084,28521741
22608084,28522829
22608084,28535155
22608084,28572256
22608084,28575276
22608084,28584254
22608084,28636652
22608084,28643781
22608084,28653981
22608084,28655787
22608084,28658208
22608084,28659971
22608084,28680959
22608084,28683819
22608084,28698210
22608084,28716721
22608084,28722656
22608084,28727736
22608084,28771191
22608084,28775312
22608084,28777932
22608084,28781165
22608084,28782044
22608084,28794481
22608084,28809811
22608084,28811362
22608084,28867784
22608084,28874753
22608084,28899600
22608084,28911102
22608084,28940516
22608084,28977491
22608084,28977645
22608084,29021969
22608084,29023534
22608084,29028923
22608084,29100317
22608084,29117265
22608084,29153851
22608084,29177203
22608084,29183719
22608084,29324969
22608084,29348827
22608084,29367246
22608084,29399660
22608084,29422544
22608084,29456552
22608084,29547932
22608084,29634948
22608084,29642934
22608084,29670109
22608084,29695279
22608084,29695832
22608084,29707132
22608084,29716522
22608084,29717121
22608084,29749503
22608084,29751586
22608084,29790943
22608084,29799009
22608084,29856501
22608084,29872714
22608084,29874793
22608084,29888758
22608084,29899661
22608084,29910825
22608084,29923336
22608084,29932159
22608084,29942026
22608084,29950679
22608084,30012096
22608084,30023007
22608084,30037003
22608084,30093965
22608084,30120226
22608084,30166531
22608084,30185896
22608084,30188888
22608084,30217226
22608084,30234014
22608084,30238073
22608084,30240625
22608084,30252889
22608084,30258457
22608084,30275490
22608084,30345412
22608084,30370373
22711857,22912389
22711857,23146216
22711857,23246380
22711857,23261356
22711857,23262210
22711857,23344037
22711857,23370825
22711857,23372714
22711857,23372765
22711857,23536787
22711857,23548133
22711857,23558894
22711857,23587053
22711857,23677535
22711857,23737680
22711857,23748176
22711857,23867999
22711857,24023729
22711857,24043945
22711857,24141004
22711857,24218601
22711857,24225019
22711857,24240112
22711857,24265398
22711857,24265793
22711857,24332043
22711857,24363999
22711857,24477976
22711857,24504028
22711857,24551595
22711857,24560445
22711857,24579064
22711857,24616882
22711857,24627272
22711857,24631446
22711857,24638001
22711857,24728189
22711857,24788697
22711857,24798692
22711857,24824132
22711857,24842883
22711857,24887442
22711857,24904826
22711857,24971229
22711857,24998779
22711857,25136623
22711857,25253066
22711857,25342990
22711857,25348513
22711857,25398451
22711857,25429284
22711857,25454820
22711857,25483088
22711857,25556615
22711857,25722743
22711857,25777348
22711857,25852742
22711857,25859162
22711857,25874004
22711857,25884701
22711857,25933682
22711857,25960722
22711857,25962114
22711857,26075790
22711857,26126726
22711857,26152742
22711857,26153499
22711857,26206555
22711857,26350514
22711857,26363302
22711857,26399274
22711857,26426684
22711857,26452665
22711857,26463832
22711857,26493647
22711857,26569395
22711857,26574041
22711857,26616225
22711857,26669313
22711857,26669449
22711857,26669451
22711857,26669452
22711857,26675567
22711857,26715507
22711857,26718727
22711857,26720728
22711857,26745694
22711857,26745875
22711857,26922077
22711857,27029752
22711857,27075448
22711857,27087632
22711857,27191893
22711857,27208206
22711857,27231565
22711857,27242959
22711857,27257965
22711857,27273131
22711857,27345073
22711857,27351029
22711857,27375968
22711857,27406733
22711857,27433846
22711857,27444036
22711857,27452521
22711857,27465808
22711857,27514840
22711857,27514841
22711857,27516935
22711857,27530326
22711857,27532258
22711857,27555886
22711857,27664393
22711857,27690218
22711857,27736844
22711857,27746277
22711857,27747088
22711857,27755534
22711857,27759028
22711857,27767231
22711857,27769273
22711857,27788148
22711857,27898521
22711857,27907908
22711857,27980798
22711857,28003870
22711857,28072594
22711857,28073364
22711857,28117679
22711857,28118323
22711857,28187748
22711857,28240969
22711857,28246467
22711857,28250726
22711857,28250960
22711857,28323334
22711857,28342662
22711857,28398847
22711857,28407998
22711857,28541631
22711857,28546758
22711857,28569220
22711857,28588062
22711857,28608931
22711857,28610746
22711857,28657222
22711857,28657225
22711857,28699130
22711857,28740454
22711857,28751759
22711857,28780755
22711857,28794804
22711857,28888541
22711857,28904804
22711857,28936272
22711857,28957949
22711857,28978132
22711857,29053726
22711857,29138210
22711857,29191972
22711857,29203787
22711857,29215764
22711857,29228641
22711857,29262670
22711857,29290694
22711857,29298688
22711857,29344385
22711857,29348823
22711857,29434467
22711857,29464354
22711857,29480828
22711857,29506471
22711857,29587661
22711857,29770616
22711857,29867226
22711857,29881257
22711857,29997716
22711857,30034459
22711857,30042185
22711857,30075112
22711857,30103829
22711857,30127642
22711857,30133561
22711857,30207104
22711857,30258937
22711857,30266954
23257362,23666744
23257362,23917454
23257362,23945238
23257362,23986272
23257362,24036443
23257362,24037242
23257362,24113773
23257362,24156355
23257362,24218511
23257362,24221193
23257362,24224123
23257362,24398046
23257362,24583822
23257362,24594074
23257362,24700803
23257362,24884486
23257362,25038052
23257362,25061068
23257362,25068849
23257362,25088195
23257362,25114896
23257362,25214461
23257362,25230021
23257362,25269487
23257362,25342990
23257362,25343454
23257362,25380171
23257362,25383459
23257362,25590811
23257362,25608477
23257362,25649242
23257362,25748058
23257362,25810458
23257362,25886033
23257362,26015570
23257362,26050922
23257362,26080861
23257362,26202601
23257362,26348314
23257362,26356564
23257362,26375811
23257362,26377073
23257362,26456302
23257362,26486086
23257362,26490766
23257362,26503707
23257362,26530441
23257362,26549805
23257362,26573438
23257362,26574845
23257362,26606135
23257362,26608184
23257362,26748214
23257362,26751490
23257362,26800494
23257362,26817708
23257362,26823830
23257362,26823993
23257362,26886260
23257362,26887977
23257362,26928463
23257362,26968641
23257362,26969681
23257362,27016234
23257362,27074572
23257362,27081703
23257362,27090655
23257362,27136531
23257362,27196780
23257362,27215396
23257362,27229533
23257362,27239958
23257362,27253175
23257362,27419385
23257362,27485054
23257362,27498762
23257362,27542596
23257362,27561551
23257362,27570657
23257362,27609069
23257362,27622044
23257362,27661102
23257362,27665539
23257362,27729437
23257362,27833898
23257362,27917296
23257362,27983698
23257362,28111004
23257362,28125879
23257362,28154416
23257362,28223716
23257362,28257098
23257362,28280090
23257362,28289945
23257362,28357094
23257362,28416770
23257362,28562334
23257362,28615526
23257362,28628421
23257362,28641043
23257362,28641578
23257362,28691013
23257362,28725636
23257362,28784174
23257362,28851311
23257362,28966695
23257362,28978132
23257362,28984201
23257362,29041931
23257362,29042553
23257362,29049607
23257362,29057876
23257362,29095543
23257362,29130934
23257362,29218871
23257362,29218878
23257362,29296209
23257362,29344893
23257362,29389895
23257362,29485993
23257362,29535360
23257362,29552125
23257362,29573206
23257362,29685168
23257362,29703236
23257362,29721393
23257362,29736145
23257362,29773902
23257362,29802700
23257362,29899393
23257362,30004845
23257362,30051594
23257362,30073045
23257362,30084834
23257362,30104763
23257362,30200478
23257362,30237852
23257362,30254278
23257362,30279327
23257362,30279734
23257362,30345394
25719666,25988138
25719666,26025325
25719666,26109333
25719666,26112412
25719666,26113859
25719666,26143583
25719666,26151406
25719666,26159697
25719666,26178787
25719666,26180923
25719666,26201994
25719666,26217585
25719666,26220524
25719666,26238391
25719666,26343385
25719666,26350096
25719666,26380006
25719666,26385075
25719666,26390243
25719666,26394139
25719666,26419819
25719666,26429991
25719666,26439702
25719666,26447755
25719666,26469962
25719666,26481584
25719666,26483879
25719666,26501191
25719666,26511885
25719666,26519468
25719666,26526068
25719666,26534901
25719666,26545079
25719666,26546047
25719666,26549996
25719666,26555578
25719666,26586478
25719666,26658419
25719666,26669280
25719666,26681674
25719666,26681957
25719666,26687355
25719666,26692759
25719666,26715642
25719666,26716649
25719666,26723874
25719666,26725216
25719666,26727715
25719666,26729287
25719666,26753987
25719666,26798437
25719666,26806129
25719666,26811657
25719666,26833333
25719666,26845405
25719666,26862489
25719666,26881472
25719666,26883357
25719666,26884185
25719666,26893390
25719666,26909863
25719666,26916719
25719666,26929734
25719666,26941987
25719666,26982343
25719666,27004405
25719666,27058754
25719666,27087319
25719666,27087322
25719666,27096032
25719666,27096871
25719666,27099641
25719666,27111337
25719666,27118659
25719666,27135926
25719666,27144059
25719666,27200288
25719666,27203738
25719666,27248578
25719666,27259208
25719666,27259358
25719666,27267807
25719666,27267993
25719666,27275478
25719666,27280393
25719666,27280691
25719666,27282075
25719666,27286454
25719666,27314100
25719666,27317099
25719666,27325420
25719666,27337224
25719666,27384421
25719666,27390608
25719666,27391266
25719666,27399284
25719666,27418030
25719666,27433916
25719666,27444064
25719666,27451124
25719666,27453446
25719666,27454293
25719666,27461042
25719666,27471566
25719666,27498862
25719666,27518363
25719666,27555909
25719666,27559010
25719666,27560551
25719666,27588467
25719666,27595477
25719666,27616351
25719666,27621574
25719666,27628540
25719666,27637888
25719666,27638352
25719666,27642636
25719666,27655713
25719666,27667193
25719666,27687306
25719666,27705932
25719666,27708512
25719666,27711078
25719666,27713160
25719666,27725226
25719666,27732578
25719666,27747082
25719666,27747087
25719666,27747088
25719666,27747093
25719666,27762323
25719666,27768182
25719666,27776346
25719666,27782813
25719666,27784960
25719666,27788493
25719666,27799657
25719666,27800600
25719666,27811314
25719666,27841659
25719666,27845911
25719666,27884198
25719666,27895743
25719666,27896637
25719666,27991930
25719666,27994495
25719666,27999205
25719666,27999365
25719666,28018146
25719666,28025978
25719666,28028924
25719666,28030829
25719666,28031255
25719666,28033382
25719666,28056774
25719666,28073890
25719666,28078281
25719666,28082802
25719666,28090514
25719666,28092682
25719666,28096526
25719666,28098761
25719666,28100393
25719666,28100394
25719666,28106782
25719666,28112740
25719666,28135258
25719666,28138026
25719666,28139655
25719666,28141826
25719666,28145465
25719666,28163917
25719666,28188630
25719666,28242752
25719666,28275007
25719666,28280620
25719666,28288110
25719666,28291774
25719666,28299801
25719666,28302823
25719666,28344661
25719666,28346421
25719666,28348045
25719666,28367231
25719666,28369619
25719666,28377511
25719666,28381539
25719666,28383487
25719666,28383565
25719666,28392554
25719666,28396636
25719666,28423671
25719666,28428707
25719666,28445954
25719666,28449008
25719666,28450803
25719666,28454591
25719666,28475592
25719666,28481342
25719666,28489577
25719666,28500587
25719666,28587243
25719666,28591720
25719666,28594388
25719666,28630946
25719666,28642461
25719666,28656074
25719666,28659348
25719666,28667006
25719666,28670351
25719666,28671190
25719666,28675654
25719666,28678832
25719666,28679692
25719666,28684632
25719666,28685754
25719666,28687616
25719666,28687745
25719666,28720843
25719666,28729482
25719666,28736626
25719666,28736627
25719666,28736628
25719666,28757253
25719666,28777932
25719666,28790031
25719666,28794854
25719666,28810144
25719666,28858227
25719666,28874546
25719666,28881752
25719666,28892048
25719666,28894253
25719666,28894804
25719666,28915662
25719666,28927421
25719666,28957417
25719666,29021969
25719666,29053185
25719666,29057302
25719666,29061961
25719666,29063873
25719666,29068423
25719666,29069866
25719666,29069873
25719666,29074453
25719666,29084140
25719666,29085438
25719666,29109526
25719666,29110683
25719666,29115978
25719666,29137355
25719666,29139326
25719666,29152071
25719666,29153842
25719666,29156578
25719666,29156694
25719666,29158787
25719666,29161242
25719666,29177203
25719666,29203823
25719666,29208713
25719666,29212173
25719666,29216209
25719666,29216274
25719666,29228650
25719666,29229669
25719666,29239017
25719666,29254387
25719666,29279356
25719666,29282151
25719666,29285214
25719666,29288237
25719666,29301364
25719666,29303405
25719666,29309945
25719666,29320538
25719666,29321190
25719666,29329208
25719666,29341146
25719666,29341164
25719666,29345757
25719666,29349096
25719666,29356532
25719666,29364867
25719666,29367431
25719666,29367463
25719666,29382042
25719666,29382047
25719666,29386037
25719666,29387692
25719666,29416754
25719666,29434907
25719666,29463004
25719666,29464100
25719666,29467962
25719666,29486633
25719666,29506128
25719666,29515771
25719666,29533667
25719666,29533787
25719666,29537309
25719666,29541683
25719666,29556511
25719666,29568081
25719666,29599906
25719666,29610388
25719666,29615514
25719666,29620272
25719666,29625049
25719666,29632710
25719666,29657983
25719666,29669760
25719666,29670173
25719666,29670543
25719666,29697368
25719666,29731985
25719666,29737600
25719666,29748571
25719666,29757973
25719666,29785074
25719666,29802286
25719666,29804324
25719666,29843660
25719666,29845225
25719666,29853643
25719666,29853732
25719666,29865155
25719666,29872505
25719666,29891488
25719666,29896283
25719666,29898401
25719666,29899868
25719666,29903880
25719666,29928492
25719666,29934552
25719666,29941723
25719666,29945562
25719666,29962812
25719666,29996888
25719666,30006524
25719666,30010625
25719666,30014851
25719666,30018740
25719666,30043132
25719666,30051098
25719666,30092011
25719666,30104284
25719666,30113427
25719666,30116990
25719666,30135716
25719666,30158932
25719666,30172883
25719666,30228296
25719666,30232338
25719666,30245304
25719666,30250431
25719666,30271501
25719666,30326968
25719666,30364837
